Year,"Country of Asylum","Country of Origin","Country of Asylum ISO","Country of Origin ISO",Refugees,Asylum-seekers,IDPs,"Other people in need of international protection","Stateless persons","Host community","Others of concern"
2007,Egypt,Yemen,EGY,YEM,204,0,0,0,0,0,0
2007,Australia,Yemen,AUS,YEM,10,0,0,0,0,0,0
2007,Austria,Yemen,AUT,YEM,6,0,0,0,0,0,0
2007,Belgium,Yemen,BEL,YEM,12,0,0,0,0,0,0
2007,Bulgaria,Yemen,BGR,YEM,0,5,0,0,0,0,0
2007,Canada,Yemen,CAN,YEM,364,23,0,0,0,0,0
2007,Cyprus,Yemen,CYP,YEM,5,0,0,0,0,0,0
2007,Denmark,Yemen,DNK,YEM,8,0,0,0,0,0,0
2007,Ethiopia,Yemen,ETH,YEM,0,7,0,0,0,0,0
2007,France,Yemen,FRA,YEM,5,0,0,0,0,0,0
2007,"United Kingdom of Great Britain and Northern Ireland",Yemen,GBR,YEM,88,0,0,0,0,0,0
2007,Germany,Yemen,DEU,YEM,242,43,0,0,0,0,0
2007,Lebanon,Yemen,LBN,YEM,6,0,0,0,0,0,0
2007,Malaysia,Yemen,MYS,YEM,0,5,0,0,0,0,0
2007,"Netherlands (Kingdom of the)",Yemen,NLD,YEM,50,0,0,0,0,0,0
2007,Norway,Yemen,NOR,YEM,42,27,0,0,0,0,0
2007,"Saudi Arabia",Yemen,SAU,YEM,0,5,0,0,0,0,0
2007,Somalia,Yemen,SOM,YEM,5,0,0,0,0,0,0
2007,Sweden,Yemen,SWE,YEM,56,57,0,0,0,0,0
2007,Switzerland,Yemen,CHE,YEM,117,37,0,0,0,0,0
2007,"Syrian Arab Rep.",Yemen,SYR,YEM,53,36,0,0,0,0,0
2007,"United States of America",Yemen,USA,YEM,348,61,0,0,0,0,0
2007,Yemen,Yemen,YEM,YEM,0,0,77000,0,0,0,0
2008,Egypt,Yemen,EGY,YEM,204,0,0,0,0,0,0
2008,Australia,Yemen,AUS,YEM,8,0,0,0,0,0,0
2008,Austria,Yemen,AUT,YEM,7,5,0,0,0,0,0
2008,Belgium,Yemen,BEL,YEM,5,0,0,0,0,0,0
2008,Bulgaria,Yemen,BGR,YEM,0,5,0,0,0,0,0
2008,Canada,Yemen,CAN,YEM,331,30,0,0,0,0,0
2008,Cyprus,Yemen,CYP,YEM,5,0,0,0,0,0,0
2008,Denmark,Yemen,DNK,YEM,6,0,0,0,0,0,0
2008,Ethiopia,Yemen,ETH,YEM,0,9,0,0,0,0,0
2008,France,Yemen,FRA,YEM,5,0,0,0,0,0,0
2008,"United Kingdom of Great Britain and Northern Ireland",Yemen,GBR,YEM,109,0,0,0,0,0,0
2008,Germany,Yemen,DEU,YEM,358,37,0,0,0,0,0
2008,Jordan,Yemen,JOR,YEM,0,5,0,0,0,0,0
2008,Lebanon,Yemen,LBN,YEM,5,0,0,0,0,0,0
2008,Malaysia,Yemen,MYS,YEM,0,5,0,0,0,0,0
2008,"Netherlands (Kingdom of the)",Yemen,NLD,YEM,42,0,0,0,0,0,0
2008,Norway,Yemen,NOR,YEM,54,90,0,0,0,0,0
2008,"Saudi Arabia",Yemen,SAU,YEM,0,5,0,0,0,0,0
2008,Somalia,Yemen,SOM,YEM,5,0,0,0,0,0,0
2008,Sweden,Yemen,SWE,YEM,69,121,0,0,0,0,0
2008,Switzerland,Yemen,CHE,YEM,166,70,0,0,0,0,0
2008,"Syrian Arab Rep.",Yemen,SYR,YEM,54,43,0,0,0,0,0
2008,"United States of America",Yemen,USA,YEM,331,39,0,0,0,0,0
2008,Yemen,Yemen,YEM,YEM,0,0,100000,0,0,0,0
2009,Egypt,Yemen,EGY,YEM,205,0,0,0,0,0,0
2009,Australia,Yemen,AUS,YEM,6,0,0,0,0,0,0
2009,Austria,Yemen,AUT,YEM,7,5,0,0,0,0,0
2009,Belgium,Yemen,BEL,YEM,5,0,0,0,0,0,0
2009,Bulgaria,Yemen,BGR,YEM,0,5,0,0,0,0,0
2009,Canada,Yemen,CAN,YEM,286,33,0,0,0,0,0
2009,Cyprus,Yemen,CYP,YEM,5,0,0,0,0,0,0
2009,Denmark,Yemen,DNK,YEM,5,0,0,0,0,0,0
2009,Ethiopia,Yemen,ETH,YEM,9,0,0,0,0,0,0
2009,France,Yemen,FRA,YEM,6,0,0,0,0,0,0
2009,"United Kingdom of Great Britain and Northern Ireland",Yemen,GBR,YEM,141,0,0,0,0,0,0
2009,Germany,Yemen,DEU,YEM,396,56,0,0,0,0,0
2009,Ireland,Yemen,IRL,YEM,5,0,0,0,0,0,0
2009,Iraq,Yemen,IRQ,YEM,0,16,0,0,0,0,0
2009,Jordan,Yemen,JOR,YEM,5,22,0,0,0,0,0
2009,Lebanon,Yemen,LBN,YEM,5,0,0,0,0,0,0
2009,Malaysia,Yemen,MYS,YEM,0,12,0,0,0,0,0
2009,Morocco,Yemen,MAR,YEM,5,0,0,0,0,0,0
2009,"Netherlands (Kingdom of the)",Yemen,NLD,YEM,44,5,0,0,0,0,0
2009,Norway,Yemen,NOR,YEM,81,161,0,0,0,0,0
2009,Somalia,Yemen,SOM,YEM,5,10,0,0,0,0,0
2009,Sweden,Yemen,SWE,YEM,126,103,0,0,0,0,0
2009,Switzerland,Yemen,CHE,YEM,207,71,0,0,0,0,0
2009,"Syrian Arab Rep.",Yemen,SYR,YEM,18,67,0,0,0,0,0
2009,"United States of America",Yemen,USA,YEM,355,36,0,0,0,0,0
2009,Yemen,Yemen,YEM,YEM,0,0,250000,0,0,0,0
2010,Egypt,Yemen,EGY,YEM,205,9,0,0,0,0,0
2010,Australia,Yemen,AUS,YEM,6,0,0,0,0,0,0
2010,Austria,Yemen,AUT,YEM,9,0,0,0,0,0,0
2010,Belgium,Yemen,BEL,YEM,5,0,0,0,0,0,0
2010,Bulgaria,Yemen,BGR,YEM,0,5,0,0,0,0,0
2010,Canada,Yemen,CAN,YEM,274,30,0,0,0,0,0
2010,Cyprus,Yemen,CYP,YEM,5,0,0,0,0,0,0
2010,Denmark,Yemen,DNK,YEM,5,0,0,0,0,0,0
2010,Ethiopia,Yemen,ETH,YEM,12,0,0,0,0,0,0
2010,Finland,Yemen,FIN,YEM,0,5,0,0,0,0,0
2010,"United Kingdom of Great Britain and Northern Ireland",Yemen,GBR,YEM,150,0,0,0,0,0,0
2010,Germany,Yemen,DEU,YEM,408,50,0,0,0,0,0
2010,Ireland,Yemen,IRL,YEM,5,8,0,0,0,0,0
2010,Iraq,Yemen,IRQ,YEM,0,5,0,0,0,0,0
2010,Italy,Yemen,ITA,YEM,5,0,0,0,0,0,0
2010,Jordan,Yemen,JOR,YEM,5,23,0,0,0,0,0
2010,Lebanon,Yemen,LBN,YEM,5,0,0,0,0,0,0
2010,Malaysia,Yemen,MYS,YEM,9,15,0,0,0,0,0
2010,"Netherlands (Kingdom of the)",Yemen,NLD,YEM,34,6,0,0,0,0,0
2010,Norway,Yemen,NOR,YEM,108,119,0,0,0,0,0
2010,"South Africa",Yemen,ZAF,YEM,5,0,0,0,0,0,0
2010,Somalia,Yemen,SOM,YEM,5,10,0,0,0,0,0
2010,Sweden,Yemen,SWE,YEM,178,143,0,0,0,0,0
2010,Switzerland,Yemen,CHE,YEM,246,67,0,0,0,0,0
2010,"Syrian Arab Rep.",Yemen,SYR,YEM,58,90,0,0,0,0,0
2010,"United States of America",Yemen,USA,YEM,328,29,0,0,0,0,0
2010,Yemen,Yemen,YEM,YEM,0,0,220994,0,0,0,0
2011,Egypt,Yemen,EGY,YEM,205,50,0,0,0,0,0
2011,Argentina,Yemen,ARG,YEM,0,20,0,0,0,0,0
2011,Australia,Yemen,AUS,YEM,5,5,0,0,0,0,0
2011,Austria,Yemen,AUT,YEM,10,5,0,0,0,0,0
2011,Belgium,Yemen,BEL,YEM,5,9,0,0,0,0,0
2011,Canada,Yemen,CAN,YEM,266,28,0,0,0,0,0
2011,Cyprus,Yemen,CYP,YEM,5,0,0,0,0,0,0
2011,Denmark,Yemen,DNK,YEM,5,0,0,0,0,0,0
2011,Djibouti,Yemen,DJI,YEM,0,16,0,0,0,0,0
2011,Ethiopia,Yemen,ETH,YEM,22,67,0,0,0,0,0
2011,Finland,Yemen,FIN,YEM,5,0,0,0,0,0,0
2011,France,Yemen,FRA,YEM,11,0,0,0,0,0,0
2011,"United Kingdom of Great Britain and Northern Ireland",Yemen,GBR,YEM,183,48,0,0,0,0,0
2011,Germany,Yemen,DEU,YEM,402,67,0,0,0,0,0
2011,"China, Hong Kong SAR",Yemen,HKG,YEM,0,35,0,0,0,0,0
2011,India,Yemen,IND,YEM,0,8,0,0,0,0,0
2011,Indonesia,Yemen,IDN,YEM,0,5,0,0,0,0,0
2011,Ireland,Yemen,IRL,YEM,5,0,0,0,0,0,0
2011,Iraq,Yemen,IRQ,YEM,0,5,0,0,0,0,0
2011,Italy,Yemen,ITA,YEM,13,0,0,0,0,0,0
2011,Jordan,Yemen,JOR,YEM,5,134,0,0,0,0,0
2011,Kuwait,Yemen,KWT,YEM,0,9,0,0,0,0,0
2011,Lebanon,Yemen,LBN,YEM,0,5,0,0,0,0,0
2011,Malaysia,Yemen,MYS,YEM,18,83,0,0,0,0,0
2011,"Netherlands (Kingdom of the)",Yemen,NLD,YEM,38,8,0,0,0,0,0
2011,Norway,Yemen,NOR,YEM,118,147,0,0,0,0,0
2011,Qatar,Yemen,QAT,YEM,0,5,0,0,0,0,0
2011,"South Africa",Yemen,ZAF,YEM,5,0,0,0,0,0,0
2011,"Russian Federation",Yemen,RUS,YEM,0,5,0,0,0,0,0
2011,Somalia,Yemen,SOM,YEM,5,11,0,0,0,0,0
2011,Sweden,Yemen,SWE,YEM,325,89,0,0,0,0,0
2011,Switzerland,Yemen,CHE,YEM,251,82,0,0,0,0,0
2011,"Syrian Arab Rep.",Yemen,SYR,YEM,68,113,0,0,0,0,0
2011,Türkiye,Yemen,TUR,YEM,7,63,0,0,0,0,0
2011,"United States of America",Yemen,USA,YEM,339,30,0,0,0,0,0
2011,Yemen,Yemen,YEM,YEM,0,0,347295,0,0,0,0
2012,Algeria,Yemen,DZA,YEM,0,5,0,0,0,0,0
2012,Egypt,Yemen,EGY,YEM,207,120,0,0,0,0,0
2012,Argentina,Yemen,ARG,YEM,15,5,0,0,0,0,0
2012,Australia,Yemen,AUS,YEM,7,8,0,0,0,0,0
2012,Austria,Yemen,AUT,YEM,12,5,0,0,0,0,0
2012,Belgium,Yemen,BEL,YEM,5,18,0,0,0,0,0
2012,Canada,Yemen,CAN,YEM,240,36,0,0,0,0,0
2012,Cyprus,Yemen,CYP,YEM,5,0,0,0,0,0,0
2012,Djibouti,Yemen,DJI,YEM,0,25,0,0,0,0,0
2012,Eritrea,Yemen,ERI,YEM,0,5,0,0,0,0,0
2012,Ethiopia,Yemen,ETH,YEM,43,109,0,0,0,0,0
2012,Finland,Yemen,FIN,YEM,5,0,0,0,0,0,0
2012,France,Yemen,FRA,YEM,17,0,0,0,0,0,0
2012,"United Kingdom of Great Britain and Northern Ireland",Yemen,GBR,YEM,209,61,0,0,0,0,0
2012,Germany,Yemen,DEU,YEM,481,69,0,0,0,0,0
2012,"China, Hong Kong SAR",Yemen,HKG,YEM,0,45,0,0,0,0,0
2012,India,Yemen,IND,YEM,0,7,0,0,0,0,0
2012,Indonesia,Yemen,IDN,YEM,0,15,0,0,0,0,0
2012,Ireland,Yemen,IRL,YEM,5,0,0,0,0,0,0
2012,Iraq,Yemen,IRQ,YEM,0,5,0,0,0,0,0
2012,Italy,Yemen,ITA,YEM,13,5,0,0,0,0,0
2012,Jordan,Yemen,JOR,YEM,8,100,0,0,0,0,0
2012,Kuwait,Yemen,KWT,YEM,0,9,0,0,0,0,0
2012,Lebanon,Yemen,LBN,YEM,0,5,0,0,0,0,0
2012,Malaysia,Yemen,MYS,YEM,26,223,0,0,0,0,0
2012,"Netherlands (Kingdom of the)",Yemen,NLD,YEM,43,8,0,0,0,0,0
2012,Norway,Yemen,NOR,YEM,130,62,0,0,0,0,0
2012,Qatar,Yemen,QAT,YEM,0,5,0,0,0,0,0
2012,"South Africa",Yemen,ZAF,YEM,5,5,0,0,0,0,0
2012,Somalia,Yemen,SOM,YEM,5,5,0,0,0,0,0
2012,Spain,Yemen,ESP,YEM,5,0,0,0,0,0,0
2012,Sweden,Yemen,SWE,YEM,390,217,0,0,0,0,0
2012,Switzerland,Yemen,CHE,YEM,268,79,0,0,0,0,0
2012,"Syrian Arab Rep.",Yemen,SYR,YEM,73,166,0,0,0,0,0
2012,Thailand,Yemen,THA,YEM,5,0,0,0,0,0,0
2012,Türkiye,Yemen,TUR,YEM,17,108,0,0,0,0,0
2012,"United States of America",Yemen,USA,YEM,343,46,0,0,0,0,0
2012,Yemen,Yemen,YEM,YEM,0,0,385320,0,0,0,0
2013,Algeria,Yemen,DZA,YEM,5,0,0,0,0,0,0
2013,Egypt,Yemen,EGY,YEM,216,188,0,0,0,0,0
2013,Argentina,Yemen,ARG,YEM,15,0,0,0,0,0,0
2013,Australia,Yemen,AUS,YEM,6,12,0,0,0,0,0
2013,Austria,Yemen,AUT,YEM,14,5,0,0,0,0,0
2013,Belgium,Yemen,BEL,YEM,6,26,0,0,0,0,0
2013,Canada,Yemen,CAN,YEM,251,43,0,0,0,0,0
2013,Cyprus,Yemen,CYP,YEM,5,0,0,0,0,0,0
2013,Czechia,Yemen,CZE,YEM,0,8,0,0,0,0,0
2013,Djibouti,Yemen,DJI,YEM,0,25,0,0,0,0,0
2013,Ethiopia,Yemen,ETH,YEM,58,75,0,0,0,0,0
2013,Finland,Yemen,FIN,YEM,5,0,0,0,0,0,0
2013,France,Yemen,FRA,YEM,20,14,0,0,0,0,0
2013,"United Kingdom of Great Britain and Northern Ireland",Yemen,GBR,YEM,224,56,0,0,0,0,0
2013,Germany,Yemen,DEU,YEM,112,155,0,0,0,0,0
2013,Greece,Yemen,GRC,YEM,0,5,0,0,0,0,0
2013,"China, Hong Kong SAR",Yemen,HKG,YEM,7,34,0,0,0,0,0
2013,India,Yemen,IND,YEM,5,12,0,0,0,0,0
2013,Indonesia,Yemen,IDN,YEM,0,17,0,0,0,0,0
2013,Ireland,Yemen,IRL,YEM,5,5,0,0,0,0,0
2013,Iraq,Yemen,IRQ,YEM,0,13,0,0,0,0,0
2013,Italy,Yemen,ITA,YEM,19,16,0,0,0,0,0
2013,Jordan,Yemen,JOR,YEM,0,100,0,0,0,0,0
2013,"Rep. of Korea",Yemen,KOR,YEM,0,33,0,0,0,0,0
2013,Kuwait,Yemen,KWT,YEM,0,9,0,0,0,0,0
2013,Lebanon,Yemen,LBN,YEM,0,9,0,0,0,0,6
2013,Malaysia,Yemen,MYS,YEM,36,267,0,0,0,0,0
2013,Morocco,Yemen,MAR,YEM,0,5,0,0,0,0,0
2013,"Netherlands (Kingdom of the)",Yemen,NLD,YEM,56,0,0,0,0,0,0
2013,Norway,Yemen,NOR,YEM,127,34,0,0,0,0,0
2013,"South Africa",Yemen,ZAF,YEM,5,5,0,0,0,0,0
2013,Somalia,Yemen,SOM,YEM,5,5,0,0,0,0,0
2013,Spain,Yemen,ESP,YEM,5,0,0,0,0,0,0
2013,Sweden,Yemen,SWE,YEM,499,112,0,0,0,0,0
2013,Switzerland,Yemen,CHE,YEM,252,107,0,0,0,0,0
2013,"Syrian Arab Rep.",Yemen,SYR,YEM,60,78,0,0,0,0,0
2013,Thailand,Yemen,THA,YEM,5,0,0,0,0,0,0
2013,Türkiye,Yemen,TUR,YEM,34,265,0,0,0,0,0
2013,"United States of America",Yemen,USA,YEM,356,130,0,0,0,0,0
2013,Yemen,Yemen,YEM,YEM,0,0,306614,0,0,0,0
2014,Algeria,Yemen,DZA,YEM,5,0,0,0,0,0,0
2014,Egypt,Yemen,EGY,YEM,198,215,0,0,0,0,0
2014,Argentina,Yemen,ARG,YEM,15,0,0,0,0,0,0
2014,Australia,Yemen,AUS,YEM,8,16,0,0,0,0,0
2014,Austria,Yemen,AUT,YEM,17,0,0,0,0,0,0
2014,Bahrain,Yemen,BHR,YEM,7,0,0,0,0,0,0
2014,Belgium,Yemen,BEL,YEM,7,19,0,0,0,0,0
2014,Canada,Yemen,CAN,YEM,239,30,0,0,0,0,0
2014,Cyprus,Yemen,CYP,YEM,5,0,0,0,0,0,0
2014,Djibouti,Yemen,DJI,YEM,0,25,0,0,0,0,0
2014,Ethiopia,Yemen,ETH,YEM,65,79,0,0,0,0,0
2014,Finland,Yemen,FIN,YEM,5,0,0,0,0,0,0
2014,France,Yemen,FRA,YEM,30,27,0,0,0,0,0
2014,"United Kingdom of Great Britain and Northern Ireland",Yemen,GBR,YEM,218,103,0,0,0,0,0
2014,Germany,Yemen,DEU,YEM,109,266,0,0,0,0,0
2014,Greece,Yemen,GRC,YEM,5,5,0,0,0,0,0
2014,"China, Hong Kong SAR",Yemen,HKG,YEM,5,43,0,0,0,0,0
2014,India,Yemen,IND,YEM,5,19,0,0,0,0,0
2014,Indonesia,Yemen,IDN,YEM,5,20,0,0,0,0,0
2014,Ireland,Yemen,IRL,YEM,0,5,0,0,0,0,0
2014,Iraq,Yemen,IRQ,YEM,0,16,0,0,0,0,0
2014,Italy,Yemen,ITA,YEM,45,8,0,0,0,0,0
2014,Jordan,Yemen,JOR,YEM,16,292,0,0,0,0,0
2014,"Rep. of Korea",Yemen,KOR,YEM,5,140,0,0,0,0,0
2014,Kuwait,Yemen,KWT,YEM,0,10,0,0,0,0,0
2014,Lebanon,Yemen,LBN,YEM,0,11,0,0,0,0,13
2014,Malaysia,Yemen,MYS,YEM,45,301,0,0,0,0,0
2014,Morocco,Yemen,MAR,YEM,0,5,0,0,0,0,0
2014,"Netherlands (Kingdom of the)",Yemen,NLD,YEM,66,22,0,0,0,0,0
2014,Norway,Yemen,NOR,YEM,133,64,0,0,0,0,0
2014,"South Africa",Yemen,ZAF,YEM,0,5,0,0,0,0,0
2014,Somalia,Yemen,SOM,YEM,5,0,0,0,0,0,0
2014,Spain,Yemen,ESP,YEM,5,0,0,0,0,0,0
2014,"Serbia and Kosovo: S/RES/1244 (1999)",Yemen,SRB,YEM,0,5,0,0,0,0,0
2014,Slovenia,Yemen,SVN,YEM,5,0,0,0,0,0,0
2014,Sweden,Yemen,SWE,YEM,536,232,0,0,0,0,0
2014,Switzerland,Yemen,CHE,YEM,300,74,0,0,0,0,0
2014,"Syrian Arab Rep.",Yemen,SYR,YEM,59,57,0,0,0,0,0
2014,Thailand,Yemen,THA,YEM,5,9,0,0,0,0,0
2014,Tunisia,Yemen,TUN,YEM,0,5,0,0,0,0,0
2014,Türkiye,Yemen,TUR,YEM,40,305,0,0,0,0,0
2014,Ukraine,Yemen,UKR,YEM,0,5,0,0,0,0,0
2014,"United States of America",Yemen,USA,YEM,410,278,0,0,0,0,0
2014,Yemen,Yemen,YEM,YEM,0,0,334093,0,0,0,0
2015,Algeria,Yemen,DZA,YEM,5,41,0,0,0,0,0
2015,Egypt,Yemen,EGY,YEM,54,1328,0,0,0,0,0
2015,Argentina,Yemen,ARG,YEM,15,0,0,0,0,0,0
2015,Armenia,Yemen,ARM,YEM,5,0,0,0,0,0,0
2015,Australia,Yemen,AUS,YEM,13,14,0,0,0,0,0
2015,Austria,Yemen,AUT,YEM,30,126,0,0,0,0,0
2015,Azerbaijan,Yemen,AZE,YEM,5,5,0,0,0,0,0
2015,Bahrain,Yemen,BHR,YEM,9,5,0,0,0,0,0
2015,Belgium,Yemen,BEL,YEM,27,10,0,0,0,0,0
2015,Belarus,Yemen,BLR,YEM,13,14,0,0,0,0,0
2015,Canada,Yemen,CAN,YEM,215,79,0,0,0,0,0
2015,China,Yemen,CHN,YEM,0,12,0,0,0,0,0
2015,Cuba,Yemen,CUB,YEM,11,0,0,0,0,0,0
2015,Cyprus,Yemen,CYP,YEM,5,8,0,0,0,0,0
2015,Czechia,Yemen,CZE,YEM,0,5,0,0,0,0,0
2015,Denmark,Yemen,DNK,YEM,5,8,0,0,0,0,0
2015,Djibouti,Yemen,DJI,YEM,6157,0,0,0,0,0,0
2015,Ethiopia,Yemen,ETH,YEM,1088,236,0,0,0,0,0
2015,Finland,Yemen,FIN,YEM,10,54,0,0,0,0,0
2015,France,Yemen,FRA,YEM,63,53,0,0,0,0,0
2015,"United Kingdom of Great Britain and Northern Ireland",Yemen,GBR,YEM,292,94,0,0,0,0,0
2015,Georgia,Yemen,GEO,YEM,0,5,0,0,0,0,0
2015,Germany,Yemen,DEU,YEM,140,538,0,0,0,0,0
2015,Greece,Yemen,GRC,YEM,6,25,0,0,0,0,0
2015,"China, Hong Kong SAR",Yemen,HKG,YEM,0,43,0,0,0,0,0
2015,Hungary,Yemen,HUN,YEM,10,6,0,0,0,0,0
2015,"Cote d'Ivoire",Yemen,CIV,YEM,5,0,0,0,0,0,0
2015,India,Yemen,IND,YEM,5,209,0,0,0,0,0
2015,Indonesia,Yemen,IDN,YEM,6,153,0,0,0,0,0
2015,Ireland,Yemen,IRL,YEM,5,0,0,0,0,0,0
2015,Iraq,Yemen,IRQ,YEM,0,15,0,0,0,0,0
2015,Italy,Yemen,ITA,YEM,58,14,0,0,0,0,0
2015,Jordan,Yemen,JOR,YEM,47,3183,0,0,0,0,0
2015,Kenya,Yemen,KEN,YEM,5,48,0,0,0,0,0
2015,"Rep. of Korea",Yemen,KOR,YEM,5,114,0,0,0,0,0
2015,Kuwait,Yemen,KWT,YEM,0,10,0,0,0,0,0
2015,Lebanon,Yemen,LBN,YEM,7,56,0,0,0,0,6
2015,"Sri Lanka",Yemen,LKA,YEM,0,13,0,0,0,0,0
2015,"Rep. of Moldova",Yemen,MDA,YEM,5,0,0,0,0,0,0
2015,Malaysia,Yemen,MYS,YEM,55,906,0,0,0,0,0
2015,Morocco,Yemen,MAR,YEM,461,0,0,0,0,0,0
2015,"Netherlands (Kingdom of the)",Yemen,NLD,YEM,74,60,0,0,0,0,0
2015,Norway,Yemen,NOR,YEM,181,102,0,0,0,0,0
2015,Pakistan,Yemen,PAK,YEM,0,9,0,0,0,0,0
2015,Poland,Yemen,POL,YEM,5,0,0,0,0,0,0
2015,Romania,Yemen,ROU,YEM,0,5,0,0,0,0,0
2015,"South Africa",Yemen,ZAF,YEM,0,6,0,0,0,0,0
2015,"Russian Federation",Yemen,RUS,YEM,41,24,0,0,0,0,0
2015,"Saudi Arabia",Yemen,SAU,YEM,5,0,0,0,0,0,0
2015,Somalia,Yemen,SOM,YEM,5183,141,0,0,0,0,0
2015,Spain,Yemen,ESP,YEM,5,0,0,0,0,0,0
2015,Sudan,Yemen,SDN,YEM,7,637,0,0,0,0,0
2015,Slovenia,Yemen,SVN,YEM,5,0,0,0,0,0,0
2015,Sweden,Yemen,SWE,YEM,610,481,0,0,0,0,0
2015,Switzerland,Yemen,CHE,YEM,323,54,0,0,0,0,0
2015,"Syrian Arab Rep.",Yemen,SYR,YEM,52,88,0,0,0,0,0
2015,Thailand,Yemen,THA,YEM,5,25,0,0,0,0,0
2015,Tunisia,Yemen,TUN,YEM,0,7,0,0,0,0,0
2015,Türkiye,Yemen,TUR,YEM,101,316,0,0,0,0,0
2015,Uganda,Yemen,UGA,YEM,5,5,0,0,0,0,0
2015,Ukraine,Yemen,UKR,YEM,0,5,0,0,0,0,0
2015,"United States of America",Yemen,USA,YEM,457,661,0,0,0,0,0
2015,Yemen,Yemen,YEM,YEM,0,0,2532032,0,0,0,6
2016,Algeria,Yemen,DZA,YEM,5,135,0,0,0,0,0
2016,Egypt,Yemen,EGY,YEM,66,2572,0,0,0,0,0
2016,Argentina,Yemen,ARG,YEM,15,0,0,0,0,0,0
2016,Armenia,Yemen,ARM,YEM,5,0,0,0,0,0,0
2016,Australia,Yemen,AUS,YEM,18,24,0,0,0,0,0
2016,Austria,Yemen,AUT,YEM,58,146,0,0,0,0,0
2016,Azerbaijan,Yemen,AZE,YEM,5,5,0,0,0,0,0
2016,Bahrain,Yemen,BHR,YEM,9,5,0,0,0,0,0
2016,Belgium,Yemen,BEL,YEM,24,21,0,0,0,0,0
2016,Belarus,Yemen,BLR,YEM,33,0,0,0,0,0,0
2016,Brazil,Yemen,BRA,YEM,0,6,0,0,0,0,0
2016,Bulgaria,Yemen,BGR,YEM,10,0,0,0,0,0,0
2016,Canada,Yemen,CAN,YEM,390,231,0,0,0,0,0
2016,China,Yemen,CHN,YEM,0,17,0,0,0,0,0
2016,Cuba,Yemen,CUB,YEM,12,5,0,0,0,0,0
2016,Cyprus,Yemen,CYP,YEM,5,14,0,0,0,0,0
2016,Czechia,Yemen,CZE,YEM,0,7,0,0,0,0,0
2016,Denmark,Yemen,DNK,YEM,5,11,0,0,0,0,0
2016,Djibouti,Yemen,DJI,YEM,3777,0,0,0,0,0,0
2016,Estonia,Yemen,EST,YEM,5,5,0,0,0,0,0
2016,Ethiopia,Yemen,ETH,YEM,1423,176,0,0,0,0,0
2016,Finland,Yemen,FIN,YEM,94,36,0,0,0,0,0
2016,France,Yemen,FRA,YEM,143,5,0,0,0,0,0
2016,"United Kingdom of Great Britain and Northern Ireland",Yemen,GBR,YEM,356,77,0,0,0,0,0
2016,Germany,Yemen,DEU,YEM,291,787,0,0,0,0,0
2016,Greece,Yemen,GRC,YEM,57,32,0,0,0,0,0
2016,Hungary,Yemen,HUN,YEM,14,0,0,0,0,0,0
2016,India,Yemen,IND,YEM,5,530,0,0,0,0,0
2016,Indonesia,Yemen,IDN,YEM,11,170,0,0,0,0,0
2016,Ireland,Yemen,IRL,YEM,5,9,0,0,0,0,0
2016,Iraq,Yemen,IRQ,YEM,0,50,0,0,0,0,0
2016,Italy,Yemen,ITA,YEM,74,33,0,0,0,0,0
2016,Jordan,Yemen,JOR,YEM,180,5524,0,0,0,0,0
2016,Kenya,Yemen,KEN,YEM,24,127,0,0,0,0,0
2016,"Rep. of Korea",Yemen,KOR,YEM,11,143,0,0,0,0,0
2016,Kuwait,Yemen,KWT,YEM,0,10,0,0,0,0,0
2016,Lebanon,Yemen,LBN,YEM,14,59,0,0,0,0,5
2016,"Sri Lanka",Yemen,LKA,YEM,0,11,0,0,0,0,0
2016,Madagascar,Yemen,MDG,YEM,10,12,0,0,0,0,0
2016,Mauritania,Yemen,MRT,YEM,5,0,0,0,0,0,0
2016,"Rep. of Moldova",Yemen,MDA,YEM,5,0,0,0,0,0,0
2016,Malaysia,Yemen,MYS,YEM,51,1163,0,0,0,0,0
2016,Montenegro,Yemen,MNE,YEM,8,0,0,0,0,0,0
2016,Morocco,Yemen,MAR,YEM,485,0,0,0,0,0,0
2016,"Netherlands (Kingdom of the)",Yemen,NLD,YEM,79,86,0,0,0,0,0
2016,Norway,Yemen,NOR,YEM,200,39,0,0,0,0,0
2016,Pakistan,Yemen,PAK,YEM,24,5,0,0,0,0,0
2016,Philippines,Yemen,PHL,YEM,0,8,0,0,0,0,0
2016,Poland,Yemen,POL,YEM,5,0,0,0,0,0,0
2016,Portugal,Yemen,PRT,YEM,0,5,0,0,0,0,0
2016,Romania,Yemen,ROU,YEM,18,0,0,0,0,0,0
2016,"South Africa",Yemen,ZAF,YEM,0,8,0,0,0,0,0
2016,"Russian Federation",Yemen,RUS,YEM,51,23,0,0,0,0,0
2016,"Saudi Arabia",Yemen,SAU,YEM,7,0,0,0,0,0,0
2016,Somalia,Yemen,SOM,YEM,8297,249,0,0,0,0,0
2016,Spain,Yemen,ESP,YEM,9,55,0,0,0,0,0
2016,Sudan,Yemen,SDN,YEM,0,1675,0,0,0,0,0
2016,Slovenia,Yemen,SVN,YEM,5,0,0,0,0,0,0
2016,Sweden,Yemen,SWE,YEM,929,290,0,0,0,0,0
2016,Switzerland,Yemen,CHE,YEM,339,42,0,0,0,0,0
2016,"Syrian Arab Rep.",Yemen,SYR,YEM,40,150,0,0,0,0,0
2016,Thailand,Yemen,THA,YEM,19,10,0,0,0,0,0
2016,Tunisia,Yemen,TUN,YEM,0,9,0,0,0,0,0
2016,Türkiye,Yemen,TUR,YEM,156,206,0,0,0,0,0
2016,Uganda,Yemen,UGA,YEM,27,5,0,0,0,0,0
2016,Ukraine,Yemen,UKR,YEM,5,5,0,0,0,0,0
2016,"United States of America",Yemen,USA,YEM,509,842,0,0,0,0,0
2016,Yemen,Yemen,YEM,YEM,0,0,2025060,0,0,0,0
2017,Algeria,Yemen,DZA,YEM,5,155,0,0,0,0,0
2017,Egypt,Yemen,EGY,YEM,85,4500,0,0,0,0,0
2017,Argentina,Yemen,ARG,YEM,15,0,0,0,0,0,0
2017,Armenia,Yemen,ARM,YEM,5,6,0,0,0,0,0
2017,Australia,Yemen,AUS,YEM,27,14,0,0,0,0,0
2017,Austria,Yemen,AUT,YEM,163,120,0,0,0,0,0
2017,Azerbaijan,Yemen,AZE,YEM,8,0,0,0,0,0,0
2017,Bahrain,Yemen,BHR,YEM,9,5,0,0,0,0,0
2017,Belgium,Yemen,BEL,YEM,24,5,0,0,0,0,0
2017,Benin,Yemen,BEN,YEM,0,8,0,0,0,0,0
2017,Belarus,Yemen,BLR,YEM,42,0,0,0,0,0,0
2017,Brazil,Yemen,BRA,YEM,0,35,0,0,0,0,0
2017,Bulgaria,Yemen,BGR,YEM,11,0,0,0,0,0,0
2017,Canada,Yemen,CAN,YEM,648,694,0,0,0,0,0
2017,Chad,Yemen,TCD,YEM,0,9,0,0,0,0,0
2017,China,Yemen,CHN,YEM,7,15,0,0,0,0,0
2017,Chile,Yemen,CHL,YEM,0,5,0,0,0,0,0
2017,Colombia,Yemen,COL,YEM,0,7,0,0,0,0,0
2017,Cuba,Yemen,CUB,YEM,17,0,0,0,0,0,0
2017,Cyprus,Yemen,CYP,YEM,10,13,0,0,0,0,0
2017,Denmark,Yemen,DNK,YEM,5,5,0,0,0,0,0
2017,Djibouti,Yemen,DJI,YEM,3468,0,0,0,0,0,0
2017,Ecuador,Yemen,ECU,YEM,0,104,0,0,0,0,0
2017,Ethiopia,Yemen,ETH,YEM,1578,191,0,0,0,0,0
2017,Finland,Yemen,FIN,YEM,139,49,0,0,0,0,0
2017,France,Yemen,FRA,YEM,218,11,0,0,0,0,0
2017,"United Kingdom of Great Britain and Northern Ireland",Yemen,GBR,YEM,453,124,0,0,0,0,0
2017,Georgia,Yemen,GEO,YEM,5,50,0,0,0,0,0
2017,Germany,Yemen,DEU,YEM,1171,682,0,0,0,0,0
2017,Ghana,Yemen,GHA,YEM,0,5,0,0,0,0,0
2017,Greece,Yemen,GRC,YEM,158,108,0,0,0,0,0
2017,"China, Hong Kong SAR",Yemen,HKG,YEM,5,0,0,0,0,0,0
2017,Croatia,Yemen,HRV,YEM,5,0,0,0,0,0,0
2017,Hungary,Yemen,HUN,YEM,17,0,0,0,0,0,0
2017,Iceland,Yemen,ISL,YEM,0,5,0,0,0,0,0
2017,India,Yemen,IND,YEM,5,934,0,0,0,0,0
2017,Indonesia,Yemen,IDN,YEM,76,125,0,0,0,0,0
2017,Ireland,Yemen,IRL,YEM,5,9,0,0,0,0,0
2017,Iraq,Yemen,IRQ,YEM,0,84,0,0,0,0,0
2017,Italy,Yemen,ITA,YEM,113,42,0,0,0,0,0
2017,Jordan,Yemen,JOR,YEM,494,8951,0,0,0,0,0
2017,Kenya,Yemen,KEN,YEM,68,157,0,0,0,0,0
2017,"Rep. of Korea",Yemen,KOR,YEM,50,201,0,0,0,0,0
2017,Kuwait,Yemen,KWT,YEM,5,9,0,0,0,0,0
2017,Libya,Yemen,LBY,YEM,0,26,0,0,0,0,0
2017,Lebanon,Yemen,LBN,YEM,15,103,0,0,0,0,5
2017,"Sri Lanka",Yemen,LKA,YEM,12,9,0,0,0,0,0
2017,Luxembourg,Yemen,LUX,YEM,0,5,0,0,0,0,0
2017,Madagascar,Yemen,MDG,YEM,22,23,0,0,0,0,0
2017,Mauritania,Yemen,MRT,YEM,5,0,0,0,0,0,0
2017,"Rep. of Moldova",Yemen,MDA,YEM,5,0,0,0,0,0,0
2017,Mexico,Yemen,MEX,YEM,5,5,0,0,0,0,0
2017,Malaysia,Yemen,MYS,YEM,76,2287,0,0,0,0,0
2017,Montenegro,Yemen,MNE,YEM,10,0,0,0,0,0,0
2017,Morocco,Yemen,MAR,YEM,517,0,0,0,0,0,0
2017,"Netherlands (Kingdom of the)",Yemen,NLD,YEM,250,42,0,0,0,0,0
2017,Norway,Yemen,NOR,YEM,231,14,0,0,0,0,0
2017,"New Zealand",Yemen,NZL,YEM,5,0,0,0,0,0,0
2017,Pakistan,Yemen,PAK,YEM,113,8,0,0,0,0,0
2017,Philippines,Yemen,PHL,YEM,0,10,0,0,0,0,0
2017,Poland,Yemen,POL,YEM,5,0,0,0,0,0,0
2017,Romania,Yemen,ROU,YEM,27,0,0,0,0,0,0
2017,"Russian Federation",Yemen,RUS,YEM,54,24,0,0,0,0,0
2017,"Saudi Arabia",Yemen,SAU,YEM,9,5,0,0,0,0,0
2017,Somalia,Yemen,SOM,YEM,10705,71,0,0,0,0,5
2017,Spain,Yemen,ESP,YEM,21,210,0,0,0,0,0
2017,Sudan,Yemen,SDN,YEM,0,2561,0,0,0,0,0
2017,Slovenia,Yemen,SVN,YEM,5,0,0,0,0,0,0
2017,Sweden,Yemen,SWE,YEM,1099,186,0,0,0,0,0
2017,Switzerland,Yemen,CHE,YEM,339,47,0,0,0,0,0
2017,"Syrian Arab Rep.",Yemen,SYR,YEM,123,169,0,0,0,0,0
2017,Thailand,Yemen,THA,YEM,40,0,0,0,0,0,0
2017,Tunisia,Yemen,TUN,YEM,0,21,0,0,0,0,0
2017,Türkiye,Yemen,TUR,YEM,161,423,0,0,0,0,0
2017,"United Arab Emirates",Yemen,ARE,YEM,0,24,0,0,0,0,0
2017,Uganda,Yemen,UGA,YEM,33,5,0,0,0,0,0
2017,Ukraine,Yemen,UKR,YEM,5,6,0,0,0,0,0
2017,"United States of America",Yemen,USA,YEM,549,908,0,0,0,0,0
2017,Yemen,Yemen,YEM,YEM,0,0,2014062,0,0,0,0
2018,Algeria,Yemen,DZA,YEM,10,239,0,0,0,0,0
2018,Egypt,Yemen,EGY,YEM,100,8222,0,0,0,0,0
2018,Argentina,Yemen,ARG,YEM,15,7,0,0,0,0,0
2018,Armenia,Yemen,ARM,YEM,20,0,0,0,0,0,0
2018,Australia,Yemen,AUS,YEM,27,53,0,0,0,0,0
2018,Austria,Yemen,AUT,YEM,258,74,0,0,0,0,0
2018,Azerbaijan,Yemen,AZE,YEM,9,5,0,0,0,0,0
2018,Bahrain,Yemen,BHR,YEM,9,5,0,0,0,0,0
2018,Belgium,Yemen,BEL,YEM,24,95,0,0,0,0,0
2018,Benin,Yemen,BEN,YEM,8,5,0,0,0,0,0
2018,Belarus,Yemen,BLR,YEM,23,0,0,0,0,0,0
2018,Brazil,Yemen,BRA,YEM,0,86,0,0,0,0,0
2018,"Bosnia and Herzegovina",Yemen,BIH,YEM,0,14,0,0,0,0,0
2018,Bulgaria,Yemen,BGR,YEM,12,0,0,0,0,0,0
2018,Canada,Yemen,CAN,YEM,1089,689,0,0,0,0,0
2018,Chad,Yemen,TCD,YEM,5,5,0,0,0,0,0
2018,China,Yemen,CHN,YEM,13,11,0,0,0,0,0
2018,Chile,Yemen,CHL,YEM,0,5,0,0,0,0,0
2018,Colombia,Yemen,COL,YEM,0,7,0,0,0,0,0
2018,Cuba,Yemen,CUB,YEM,17,0,0,0,0,0,0
2018,Cyprus,Yemen,CYP,YEM,20,9,0,0,0,0,0
2018,Czechia,Yemen,CZE,YEM,15,5,0,0,0,0,0
2018,Denmark,Yemen,DNK,YEM,5,5,0,0,0,0,0
2018,Djibouti,Yemen,DJI,YEM,4694,0,0,0,0,0,0
2018,Ecuador,Yemen,ECU,YEM,50,101,0,0,0,0,0
2018,Estonia,Yemen,EST,YEM,5,0,0,0,0,0,0
2018,Ethiopia,Yemen,ETH,YEM,1698,193,0,0,0,0,0
2018,Finland,Yemen,FIN,YEM,182,46,0,0,0,0,0
2018,France,Yemen,FRA,YEM,338,196,0,0,0,0,0
2018,"United Kingdom of Great Britain and Northern Ireland",Yemen,GBR,YEM,624,168,0,0,0,0,0
2018,Georgia,Yemen,GEO,YEM,20,35,0,0,0,0,0
2018,Germany,Yemen,DEU,YEM,1809,873,0,0,0,0,0
2018,Ghana,Yemen,GHA,YEM,0,5,0,0,0,0,0
2018,Greece,Yemen,GRC,YEM,369,178,0,0,0,0,0
2018,Haiti,Yemen,HTI,YEM,5,0,0,0,0,0,0
2018,"China, Hong Kong SAR",Yemen,HKG,YEM,12,0,0,0,0,0,0
2018,Croatia,Yemen,HRV,YEM,7,0,0,0,0,0,0
2018,Hungary,Yemen,HUN,YEM,18,0,0,0,0,0,0
2018,India,Yemen,IND,YEM,0,1134,0,0,0,0,0
2018,Indonesia,Yemen,IDN,YEM,105,249,0,0,0,0,0
2018,Ireland,Yemen,IRL,YEM,8,6,0,0,0,0,0
2018,Iraq,Yemen,IRQ,YEM,0,114,0,0,0,0,0
2018,Italy,Yemen,ITA,YEM,141,54,0,0,0,0,0
2018,Jordan,Yemen,JOR,YEM,642,13835,0,0,0,0,0
2018,Kenya,Yemen,KEN,YEM,66,213,0,0,0,0,0
2018,"Rep. of Korea",Yemen,KOR,YEM,483,308,0,0,0,0,0
2018,Kuwait,Yemen,KWT,YEM,5,9,0,0,0,0,0
2018,Libya,Yemen,LBY,YEM,0,43,0,0,0,0,0
2018,Lebanon,Yemen,LBN,YEM,18,136,0,0,0,0,0
2018,"Sri Lanka",Yemen,LKA,YEM,12,5,0,0,0,0,0
2018,Luxembourg,Yemen,LUX,YEM,0,10,0,0,0,0,0
2018,Madagascar,Yemen,MDG,YEM,22,21,0,0,0,0,0
2018,Mauritania,Yemen,MRT,YEM,0,12,0,0,0,0,0
2018,"Rep. of Moldova",Yemen,MDA,YEM,5,0,0,0,0,0,0
2018,Mexico,Yemen,MEX,YEM,12,21,0,0,0,0,0
2018,Malaysia,Yemen,MYS,YEM,163,2769,0,0,0,0,0
2018,Montenegro,Yemen,MNE,YEM,11,0,0,0,0,0,0
2018,Morocco,Yemen,MAR,YEM,752,0,0,0,0,0,0
2018,Malta,Yemen,MLT,YEM,0,5,0,0,0,0,0
2018,"Netherlands (Kingdom of the)",Yemen,NLD,YEM,376,399,0,0,0,0,0
2018,Norway,Yemen,NOR,YEM,235,7,0,0,0,0,0
2018,"New Zealand",Yemen,NZL,YEM,8,0,0,0,0,0,0
2018,Pakistan,Yemen,PAK,YEM,128,31,0,0,0,0,0
2018,Peru,Yemen,PER,YEM,0,38,0,0,0,0,0
2018,Philippines,Yemen,PHL,YEM,10,12,0,0,0,0,0
2018,Poland,Yemen,POL,YEM,9,8,0,0,0,0,0
2018,Portugal,Yemen,PRT,YEM,7,0,0,0,0,0,0
2018,Romania,Yemen,ROU,YEM,33,9,0,0,0,0,0
2018,"South Africa",Yemen,ZAF,YEM,0,6,0,0,0,0,0
2018,"Russian Federation",Yemen,RUS,YEM,92,9,0,0,0,0,0
2018,"Saudi Arabia",Yemen,SAU,YEM,27,42,0,0,0,0,0
2018,Somalia,Yemen,SOM,YEM,12450,54,0,0,0,0,0
2018,Spain,Yemen,ESP,YEM,103,500,0,0,0,0,0
2018,Sudan,Yemen,SDN,YEM,1013,2619,0,0,0,0,0
2018,Slovakia,Yemen,SVK,YEM,19,0,0,0,0,0,0
2018,Slovenia,Yemen,SVN,YEM,5,0,0,0,0,0,0
2018,Sweden,Yemen,SWE,YEM,1343,228,0,0,0,0,0
2018,Switzerland,Yemen,CHE,YEM,336,20,0,0,0,0,0
2018,"Syrian Arab Rep.",Yemen,SYR,YEM,159,135,0,0,0,0,0
2018,Thailand,Yemen,THA,YEM,32,0,0,0,0,0,0
2018,Tunisia,Yemen,TUN,YEM,0,32,0,0,0,0,0
2018,Türkiye,Yemen,TUR,YEM,169,608,0,0,0,0,0
2018,"United Arab Emirates",Yemen,ARE,YEM,5,33,0,0,0,0,0
2018,Uganda,Yemen,UGA,YEM,20,0,0,0,0,0,0
2018,Ukraine,Yemen,UKR,YEM,5,6,0,0,0,0,0
2018,"United States of America",Yemen,USA,YEM,606,800,0,0,0,0,0
2018,Yemen,Yemen,YEM,YEM,0,0,2144719,0,0,0,0
2019,Algeria,Yemen,DZA,YEM,257,0,0,0,0,0,0
2019,Egypt,Yemen,EGY,YEM,126,9032,0,0,0,0,0
2019,Argentina,Yemen,ARG,YEM,19,5,0,0,0,0,0
2019,Armenia,Yemen,ARM,YEM,22,0,0,0,0,0,0
2019,Australia,Yemen,AUS,YEM,59,129,0,0,0,0,0
2019,Austria,Yemen,AUT,YEM,311,70,0,0,0,0,0
2019,Azerbaijan,Yemen,AZE,YEM,11,0,0,0,0,0,0
2019,Bahrain,Yemen,BHR,YEM,9,5,0,0,0,0,0
2019,Belgium,Yemen,BEL,YEM,51,56,0,0,0,0,0
2019,Benin,Yemen,BEN,YEM,11,0,0,0,0,0,0
2019,Bangladesh,Yemen,BGD,YEM,5,0,0,0,0,0,0
2019,Belarus,Yemen,BLR,YEM,24,5,0,0,0,0,0
2019,Brazil,Yemen,BRA,YEM,0,124,0,0,0,0,0
2019,"Bosnia and Herzegovina",Yemen,BIH,YEM,0,10,0,0,0,0,8
2019,Bulgaria,Yemen,BGR,YEM,13,5,0,0,0,0,0
2019,Canada,Yemen,CAN,YEM,1711,371,0,0,0,0,0
2019,Chad,Yemen,TCD,YEM,5,5,0,0,0,0,0
2019,China,Yemen,CHN,YEM,16,16,0,0,0,0,0
2019,Cameroon,Yemen,CMR,YEM,0,5,0,0,0,0,0
2019,Colombia,Yemen,COL,YEM,0,7,0,0,0,0,0
2019,Cuba,Yemen,CUB,YEM,14,0,0,0,0,0,0
2019,Cyprus,Yemen,CYP,YEM,25,10,0,0,0,0,0
2019,Czechia,Yemen,CZE,YEM,20,0,0,0,0,0,0
2019,Denmark,Yemen,DNK,YEM,5,0,0,0,0,0,0
2019,Djibouti,Yemen,DJI,YEM,5322,0,0,0,0,0,0
2019,Ecuador,Yemen,ECU,YEM,96,17,0,0,0,0,0
2019,Estonia,Yemen,EST,YEM,5,0,0,0,0,0,0
2019,Ethiopia,Yemen,ETH,YEM,1926,127,0,0,0,0,0
2019,Finland,Yemen,FIN,YEM,263,57,0,0,0,0,0
2019,France,Yemen,FRA,YEM,454,62,0,0,0,0,0
2019,"United Kingdom of Great Britain and Northern Ireland",Yemen,GBR,YEM,819,290,0,0,0,0,0
2019,Georgia,Yemen,GEO,YEM,32,29,0,0,0,0,0
2019,Germany,Yemen,DEU,YEM,2629,890,0,0,0,0,0
2019,Ghana,Yemen,GHA,YEM,0,9,0,0,0,0,0
2019,Greece,Yemen,GRC,YEM,574,213,0,0,0,0,0
2019,"China, Hong Kong SAR",Yemen,HKG,YEM,11,0,0,0,0,0,0
2019,Croatia,Yemen,HRV,YEM,7,0,0,0,0,0,0
2019,Hungary,Yemen,HUN,YEM,18,0,0,0,0,0,0
2019,Iceland,Yemen,ISL,YEM,5,5,0,0,0,0,0
2019,India,Yemen,IND,YEM,5,830,0,0,0,0,0
2019,Indonesia,Yemen,IDN,YEM,85,354,0,0,0,0,0
2019,Ireland,Yemen,IRL,YEM,16,7,0,0,0,0,0
2019,Iraq,Yemen,IRQ,YEM,0,147,0,0,0,0,0
2019,Italy,Yemen,ITA,YEM,151,40,0,0,0,0,0
2019,Jordan,Yemen,JOR,YEM,715,14059,0,0,0,0,17
2019,Kenya,Yemen,KEN,YEM,60,217,0,0,0,0,0
2019,"Rep. of Korea",Yemen,KOR,YEM,682,124,0,0,0,0,0
2019,Kuwait,Yemen,KWT,YEM,5,9,0,0,0,0,0
2019,Libya,Yemen,LBY,YEM,0,47,0,0,0,0,0
2019,Lebanon,Yemen,LBN,YEM,23,124,0,0,0,0,5
2019,"Sri Lanka",Yemen,LKA,YEM,14,0,0,0,0,0,0
2019,Luxembourg,Yemen,LUX,YEM,10,5,0,0,0,0,0
2019,Madagascar,Yemen,MDG,YEM,22,9,0,0,0,0,0
2019,Mauritania,Yemen,MRT,YEM,10,37,0,0,0,0,0
2019,"Rep. of Moldova",Yemen,MDA,YEM,8,0,0,0,0,0,0
2019,Mexico,Yemen,MEX,YEM,13,30,0,0,0,0,0
2019,Malaysia,Yemen,MYS,YEM,206,3462,0,0,0,0,0
2019,Montenegro,Yemen,MNE,YEM,7,0,0,0,0,0,0
2019,Morocco,Yemen,MAR,YEM,843,0,0,0,0,0,0
2019,Malta,Yemen,MLT,YEM,0,6,0,0,0,0,0
2019,Nepal,Yemen,NPL,YEM,0,5,0,0,0,0,0
2019,"Netherlands (Kingdom of the)",Yemen,NLD,YEM,791,546,0,0,0,0,0
2019,Niger,Yemen,NER,YEM,0,5,0,0,0,0,0
2019,Norway,Yemen,NOR,YEM,219,19,0,0,0,0,0
2019,"New Zealand",Yemen,NZL,YEM,8,0,0,0,0,0,0
2019,Pakistan,Yemen,PAK,YEM,137,22,0,0,0,0,0
2019,Peru,Yemen,PER,YEM,0,54,0,0,0,0,0
2019,Philippines,Yemen,PHL,YEM,15,40,0,0,0,0,0
2019,Poland,Yemen,POL,YEM,9,0,0,0,0,0,0
2019,Portugal,Yemen,PRT,YEM,9,0,0,0,0,0,0
2019,Qatar,Yemen,QAT,YEM,5,0,0,0,0,0,0
2019,Romania,Yemen,ROU,YEM,29,0,0,0,0,0,0
2019,"South Africa",Yemen,ZAF,YEM,5,15,0,0,0,0,0
2019,"Russian Federation",Yemen,RUS,YEM,97,20,0,0,0,0,0
2019,"Saudi Arabia",Yemen,SAU,YEM,27,44,0,0,0,0,0
2019,Somalia,Yemen,SOM,YEM,13235,50,0,0,0,0,8
2019,Spain,Yemen,ESP,YEM,206,675,0,0,0,0,0
2019,"Serbia and Kosovo: S/RES/1244 (1999)",Yemen,SRB,YEM,0,10,0,0,0,0,0
2019,Sudan,Yemen,SDN,YEM,1227,452,0,0,0,0,0
2019,Slovakia,Yemen,SVK,YEM,21,0,0,0,0,0,0
2019,Slovenia,Yemen,SVN,YEM,6,0,0,0,0,0,0
2019,Sweden,Yemen,SWE,YEM,1659,193,0,0,0,0,0
2019,Switzerland,Yemen,CHE,YEM,130,12,0,0,0,0,0
2019,"Syrian Arab Rep.",Yemen,SYR,YEM,159,110,0,0,0,0,0
2019,"United Rep. of Tanzania",Yemen,TZA,YEM,5,45,0,0,0,0,6
2019,Thailand,Yemen,THA,YEM,37,0,0,0,0,0,0
2019,Tunisia,Yemen,TUN,YEM,0,31,0,0,0,0,0
2019,"United Arab Emirates",Yemen,ARE,YEM,12,50,0,0,0,0,5
2019,Uganda,Yemen,UGA,YEM,27,5,0,0,0,0,0
2019,Ukraine,Yemen,UKR,YEM,5,48,0,0,0,0,0
2019,Uruguay,Yemen,URY,YEM,0,5,0,0,0,0,0
2019,"United States of America",Yemen,USA,YEM,692,811,0,0,0,0,0
2019,Yemen,Yemen,YEM,YEM,0,0,3625716,0,0,0,0
2020,Algeria,Yemen,DZA,YEM,261,0,0,0,0,0,0
2020,Egypt,Yemen,EGY,YEM,154,9113,0,0,0,0,0
2020,Argentina,Yemen,ARG,YEM,19,5,0,0,0,0,0
2020,Armenia,Yemen,ARM,YEM,21,0,0,0,0,0,0
2020,Australia,Yemen,AUS,YEM,160,100,0,0,0,0,0
2020,Austria,Yemen,AUT,YEM,355,79,0,0,0,0,0
2020,Azerbaijan,Yemen,AZE,YEM,11,0,0,0,0,0,0
2020,Bahrain,Yemen,BHR,YEM,9,5,0,0,0,0,0
2020,Belgium,Yemen,BEL,YEM,77,200,0,0,0,0,0
2020,Benin,Yemen,BEN,YEM,14,0,0,0,0,0,0
2020,Bangladesh,Yemen,BGD,YEM,5,0,0,0,0,0,0
2020,Belarus,Yemen,BLR,YEM,28,6,0,0,0,0,0
2020,Brazil,Yemen,BRA,YEM,7,150,0,0,0,0,0
2020,"Bosnia and Herzegovina",Yemen,BIH,YEM,6,7,0,0,0,0,5
2020,Bulgaria,Yemen,BGR,YEM,15,7,0,0,0,0,0
2020,Canada,Yemen,CAN,YEM,1949,184,0,0,0,0,0
2020,Chad,Yemen,TCD,YEM,5,8,0,0,0,0,0
2020,China,Yemen,CHN,YEM,21,13,0,0,0,0,0
2020,Cameroon,Yemen,CMR,YEM,5,0,0,0,0,0,0
2020,Colombia,Yemen,COL,YEM,0,7,0,0,0,0,0
2020,Cuba,Yemen,CUB,YEM,15,0,0,0,0,0,0
2020,Cyprus,Yemen,CYP,YEM,27,20,0,0,0,0,0
2020,Czechia,Yemen,CZE,YEM,24,5,0,0,0,0,0
2020,Denmark,Yemen,DNK,YEM,7,0,0,0,0,0,0
2020,Djibouti,Yemen,DJI,YEM,5666,0,0,0,0,0,0
2020,Ecuador,Yemen,ECU,YEM,102,53,0,0,0,0,0
2020,Estonia,Yemen,EST,YEM,5,0,0,0,0,0,0
2020,Ethiopia,Yemen,ETH,YEM,2045,122,0,0,0,0,0
2020,Finland,Yemen,FIN,YEM,297,27,0,0,0,0,0
2020,France,Yemen,FRA,YEM,566,239,0,0,0,0,0
2020,"United Kingdom of Great Britain and Northern Ireland",Yemen,GBR,YEM,981,604,0,0,0,0,0
2020,Georgia,Yemen,GEO,YEM,40,18,0,0,0,0,0
2020,Germany,Yemen,DEU,YEM,3039,840,0,0,0,0,0
2020,Ghana,Yemen,GHA,YEM,7,8,0,0,0,0,0
2020,Greece,Yemen,GRC,YEM,853,47,0,0,0,0,0
2020,"China, Hong Kong SAR",Yemen,HKG,YEM,29,0,0,0,0,0,0
2020,Croatia,Yemen,HRV,YEM,7,0,0,0,0,0,0
2020,Hungary,Yemen,HUN,YEM,16,0,0,0,0,0,0
2020,Iceland,Yemen,ISL,YEM,9,0,0,0,0,0,0
2020,"Cote d'Ivoire",Yemen,CIV,YEM,5,0,0,0,0,0,0
2020,India,Yemen,IND,YEM,5,833,0,0,0,0,0
2020,Indonesia,Yemen,IDN,YEM,96,347,0,0,0,0,0
2020,Ireland,Yemen,IRL,YEM,20,6,0,0,0,0,0
2020,Iraq,Yemen,IRQ,YEM,0,165,0,0,0,0,0
2020,Italy,Yemen,ITA,YEM,0,56,0,0,0,0,0
2020,Jordan,Yemen,JOR,YEM,818,13552,0,0,0,0,18
2020,Japan,Yemen,JPN,YEM,11,0,0,0,0,0,0
2020,Kenya,Yemen,KEN,YEM,85,206,0,0,0,0,0
2020,"Rep. of Korea",Yemen,KOR,YEM,795,26,0,0,0,0,0
2020,Kuwait,Yemen,KWT,YEM,6,10,0,0,0,0,0
2020,Libya,Yemen,LBY,YEM,0,86,0,0,0,0,0
2020,Lebanon,Yemen,LBN,YEM,25,104,0,0,0,0,0
2020,"Sri Lanka",Yemen,LKA,YEM,16,0,0,0,0,0,0
2020,Luxembourg,Yemen,LUX,YEM,20,10,0,0,0,0,0
2020,Madagascar,Yemen,MDG,YEM,20,9,0,0,0,0,0
2020,Mauritania,Yemen,MRT,YEM,36,27,0,0,0,0,0
2020,"Rep. of Moldova",Yemen,MDA,YEM,8,0,0,0,0,0,0
2020,Mexico,Yemen,MEX,YEM,15,58,0,0,0,0,0
2020,Malaysia,Yemen,MYS,YEM,232,3423,0,0,0,0,0
2020,Montenegro,Yemen,MNE,YEM,7,0,0,0,0,0,0
2020,Morocco,Yemen,MAR,YEM,14,964,0,0,0,0,0
2020,Malta,Yemen,MLT,YEM,5,6,0,0,0,0,0
2020,"Netherlands (Kingdom of the)",Yemen,NLD,YEM,1392,229,0,0,0,0,0
2020,Niger,Yemen,NER,YEM,5,5,0,0,0,0,0
2020,Nigeria,Yemen,NGA,YEM,0,5,0,0,0,0,0
2020,Norway,Yemen,NOR,YEM,192,12,0,0,0,0,0
2020,"New Zealand",Yemen,NZL,YEM,8,0,0,0,0,0,0
2020,Pakistan,Yemen,PAK,YEM,137,26,0,0,0,0,0
2020,Peru,Yemen,PER,YEM,0,63,0,0,0,0,0
2020,Philippines,Yemen,PHL,YEM,30,65,0,0,0,0,0
2020,Poland,Yemen,POL,YEM,13,9,0,0,0,0,0
2020,Portugal,Yemen,PRT,YEM,9,0,0,0,0,0,0
2020,Qatar,Yemen,QAT,YEM,5,9,0,0,0,0,0
2020,Romania,Yemen,ROU,YEM,41,0,0,0,0,0,0
2020,"South Africa",Yemen,ZAF,YEM,5,10,0,0,0,0,0
2020,"Russian Federation",Yemen,RUS,YEM,88,11,0,0,0,0,0
2020,"Saudi Arabia",Yemen,SAU,YEM,26,635,0,0,0,0,0
2020,Somalia,Yemen,SOM,YEM,6371,19,0,0,0,0,0
2020,Spain,Yemen,ESP,YEM,316,410,0,0,0,0,0
2020,Sudan,Yemen,SDN,YEM,1551,386,0,0,0,0,0
2020,Slovakia,Yemen,SVK,YEM,21,0,0,0,0,0,0
2020,Slovenia,Yemen,SVN,YEM,6,0,0,0,0,0,0
2020,Sweden,Yemen,SWE,YEM,1822,83,0,0,0,0,0
2020,Switzerland,Yemen,CHE,YEM,341,5,0,0,0,0,0
2020,"Syrian Arab Rep.",Yemen,SYR,YEM,158,118,0,0,0,0,0
2020,"United Rep. of Tanzania",Yemen,TZA,YEM,9,51,0,0,0,0,0
2020,Thailand,Yemen,THA,YEM,37,5,0,0,0,0,0
2020,Tunisia,Yemen,TUN,YEM,11,28,0,0,0,0,0
2020,"United Arab Emirates",Yemen,ARE,YEM,6,50,0,0,0,0,5
2020,Uganda,Yemen,UGA,YEM,27,5,0,0,0,0,0
2020,Ukraine,Yemen,UKR,YEM,5,46,0,0,0,0,0
2020,"United States of America",Yemen,USA,YEM,705,830,0,0,0,0,0
2020,Yemen,Yemen,YEM,YEM,0,0,4002012,0,0,0,0
2021,Algeria,Yemen,DZA,YEM,267,0,0,0,0,0,0
2021,Egypt,Yemen,EGY,YEM,156,9735,0,0,0,0,0
2021,Argentina,Yemen,ARG,YEM,21,0,0,0,0,0,0
2021,Armenia,Yemen,ARM,YEM,21,0,0,0,0,0,0
2021,Australia,Yemen,AUS,YEM,181,94,0,0,0,0,0
2021,Austria,Yemen,AUT,YEM,426,177,0,0,0,0,0
2021,Azerbaijan,Yemen,AZE,YEM,10,0,0,0,0,0,0
2021,Bahrain,Yemen,BHR,YEM,9,5,0,0,0,0,0
2021,Belgium,Yemen,BEL,YEM,257,160,0,0,0,0,0
2021,Benin,Yemen,BEN,YEM,17,0,0,0,0,0,0
2021,Belarus,Yemen,BLR,YEM,32,5,0,0,0,0,0
2021,Brazil,Yemen,BRA,YEM,9,149,0,0,0,0,0
2021,Bulgaria,Yemen,BGR,YEM,23,9,0,0,0,0,0
2021,Canada,Yemen,CAN,YEM,2127,76,0,0,0,0,0
2021,Chad,Yemen,TCD,YEM,5,8,0,0,0,0,0
2021,China,Yemen,CHN,YEM,31,10,0,0,0,0,0
2021,Cameroon,Yemen,CMR,YEM,5,0,0,0,0,0,0
2021,Colombia,Yemen,COL,YEM,0,5,0,0,0,0,0
2021,Cuba,Yemen,CUB,YEM,14,0,0,0,0,0,0
2021,Cyprus,Yemen,CYP,YEM,41,28,0,0,0,0,0
2021,Czechia,Yemen,CZE,YEM,24,5,0,0,0,0,0
2021,Denmark,Yemen,DNK,YEM,7,0,0,0,0,0,0
2021,Djibouti,Yemen,DJI,YEM,6232,0,0,0,0,0,0
2021,Ecuador,Yemen,ECU,YEM,117,12,0,0,0,0,0
2021,Estonia,Yemen,EST,YEM,5,0,0,0,0,0,0
2021,Ethiopia,Yemen,ETH,YEM,2373,117,0,0,0,0,0
2021,Finland,Yemen,FIN,YEM,311,12,0,0,0,0,0
2021,France,Yemen,FRA,YEM,921,95,0,0,0,0,0
2021,"United Kingdom of Great Britain and Northern Ireland",Yemen,GBR,YEM,1251,769,0,0,0,0,0
2021,Georgia,Yemen,GEO,YEM,55,20,0,0,0,0,0
2021,Germany,Yemen,DEU,YEM,3082,1173,0,0,0,0,0
2021,Ghana,Yemen,GHA,YEM,13,5,0,0,0,0,0
2021,Greece,Yemen,GRC,YEM,933,26,0,0,0,0,0
2021,"China, Hong Kong SAR",Yemen,HKG,YEM,36,0,0,0,0,0,0
2021,Croatia,Yemen,HRV,YEM,7,0,0,0,0,0,0
2021,Hungary,Yemen,HUN,YEM,16,0,0,0,0,0,0
2021,Iceland,Yemen,ISL,YEM,12,0,0,0,0,0,0
2021,"Cote d'Ivoire",Yemen,CIV,YEM,5,0,0,0,0,0,0
2021,India,Yemen,IND,YEM,9,898,0,0,0,0,0
2021,Indonesia,Yemen,IDN,YEM,101,349,0,0,0,0,0
2021,Ireland,Yemen,IRL,YEM,27,8,0,0,0,0,0
2021,Iraq,Yemen,IRQ,YEM,0,165,0,0,0,0,0
2021,Italy,Yemen,ITA,YEM,0,42,0,0,0,0,0
2021,Jordan,Yemen,JOR,YEM,1024,11753,0,0,0,0,18
2021,Japan,Yemen,JPN,YEM,15,0,0,0,0,0,0
2021,Kenya,Yemen,KEN,YEM,93,211,0,0,0,0,0
2021,Kyrgyzstan,Yemen,KGZ,YEM,0,5,0,0,0,0,0
2021,"Rep. of Korea",Yemen,KOR,YEM,813,18,0,0,0,0,0
2021,Kuwait,Yemen,KWT,YEM,9,10,0,0,0,0,0
2021,Libya,Yemen,LBY,YEM,12,101,0,0,0,0,0
2021,Lebanon,Yemen,LBN,YEM,34,97,0,0,0,0,0
2021,"Sri Lanka",Yemen,LKA,YEM,15,5,0,0,0,0,0
2021,Luxembourg,Yemen,LUX,YEM,30,5,0,0,0,0,0
2021,Madagascar,Yemen,MDG,YEM,14,11,0,0,0,0,0
2021,Mauritania,Yemen,MRT,YEM,45,42,0,0,0,0,0
2021,"Rep. of Moldova",Yemen,MDA,YEM,6,0,0,0,0,0,0
2021,Mexico,Yemen,MEX,YEM,24,77,0,0,0,0,0
2021,Malaysia,Yemen,MYS,YEM,321,3400,0,0,0,0,0
2021,Montenegro,Yemen,MNE,YEM,7,0,0,0,0,0,0
2021,Morocco,Yemen,MAR,YEM,14,1088,0,0,0,0,0
2021,Malta,Yemen,MLT,YEM,5,5,0,0,0,0,0
2021,Nepal,Yemen,NPL,YEM,0,5,0,0,0,0,0
2021,"Netherlands (Kingdom of the)",Yemen,NLD,YEM,1789,973,0,0,0,0,0
2021,Niger,Yemen,NER,YEM,5,12,0,0,0,0,0
2021,Nigeria,Yemen,NGA,YEM,0,5,0,0,0,0,0
2021,Norway,Yemen,NOR,YEM,201,5,0,0,0,0,0
2021,"New Zealand",Yemen,NZL,YEM,9,0,0,0,0,0,0
2021,Pakistan,Yemen,PAK,YEM,137,30,0,0,0,0,0
2021,Peru,Yemen,PER,YEM,0,63,0,0,0,0,0
2021,Philippines,Yemen,PHL,YEM,30,86,0,0,0,0,0
2021,Poland,Yemen,POL,YEM,22,31,0,0,0,0,0
2021,Portugal,Yemen,PRT,YEM,9,0,0,0,0,0,0
2021,Qatar,Yemen,QAT,YEM,5,9,0,0,0,0,0
2021,Romania,Yemen,ROU,YEM,65,5,0,0,0,0,0
2021,"South Africa",Yemen,ZAF,YEM,5,10,0,0,0,0,0
2021,"Russian Federation",Yemen,RUS,YEM,84,13,0,0,0,0,0
2021,"Saudi Arabia",Yemen,SAU,YEM,18,1016,0,0,0,0,0
2021,Somalia,Yemen,SOM,YEM,8341,0,0,0,0,0,0
2021,Spain,Yemen,ESP,YEM,392,325,0,0,0,0,0
2021,Sudan,Yemen,SDN,YEM,1795,389,0,0,0,0,0
2021,Slovakia,Yemen,SVK,YEM,24,0,0,0,0,0,0
2021,Slovenia,Yemen,SVN,YEM,6,0,0,0,0,0,0
2021,Sweden,Yemen,SWE,YEM,1727,62,0,0,0,0,0
2021,Switzerland,Yemen,CHE,YEM,345,13,0,0,0,0,0
2021,"Syrian Arab Rep.",Yemen,SYR,YEM,161,127,0,0,0,0,0
2021,"United Rep. of Tanzania",Yemen,TZA,YEM,9,55,0,0,0,0,0
2021,Thailand,Yemen,THA,YEM,36,0,0,0,0,0,0
2021,Tunisia,Yemen,TUN,YEM,14,20,0,0,0,0,0
2021,"United Arab Emirates",Yemen,ARE,YEM,6,50,0,0,0,0,5
2021,Uganda,Yemen,UGA,YEM,26,5,0,0,0,0,0
2021,Ukraine,Yemen,UKR,YEM,5,47,0,0,0,0,0
2021,"United States of America",Yemen,USA,YEM,679,1121,0,0,0,0,0
2021,Yemen,Yemen,YEM,YEM,0,0,4288739,0,0,0,0
2022,Algeria,Yemen,DZA,YEM,293,0,0,0,0,0,0
2022,Egypt,Yemen,EGY,YEM,163,7992,0,0,0,0,0
2022,Argentina,Yemen,ARG,YEM,22,10,0,0,0,0,0
2022,Armenia,Yemen,ARM,YEM,21,6,0,0,0,0,0
2022,Australia,Yemen,AUS,YEM,247,69,0,0,0,0,0
2022,Austria,Yemen,AUT,YEM,562,180,0,0,0,0,0
2022,Azerbaijan,Yemen,AZE,YEM,11,0,0,0,0,0,0
2022,Bahrain,Yemen,BHR,YEM,9,5,0,0,0,0,0
2022,Burundi,Yemen,BDI,YEM,0,0,0,0,0,0,5
2022,Belgium,Yemen,BEL,YEM,121,315,0,0,0,0,0
2022,Benin,Yemen,BEN,YEM,17,5,0,0,0,0,0
2022,Belarus,Yemen,BLR,YEM,25,6,0,0,0,0,0
2022,Brazil,Yemen,BRA,YEM,21,116,0,0,0,0,0
2022,Bulgaria,Yemen,BGR,YEM,29,26,0,0,0,0,0
2022,Canada,Yemen,CAN,YEM,450,452,0,0,0,0,0
2022,Chad,Yemen,TCD,YEM,5,10,0,0,0,0,0
2022,China,Yemen,CHN,YEM,29,14,0,0,0,0,0
2022,Cameroon,Yemen,CMR,YEM,5,0,0,0,0,0,0
2022,Comoros,Yemen,COM,YEM,0,5,0,0,0,0,0
2022,Cuba,Yemen,CUB,YEM,12,0,0,0,0,0,0
2022,Cyprus,Yemen,CYP,YEM,61,30,0,0,0,0,0
2022,Czechia,Yemen,CZE,YEM,27,0,0,0,0,0,0
2022,Denmark,Yemen,DNK,YEM,7,0,0,0,0,0,0
2022,Djibouti,Yemen,DJI,YEM,3027,0,0,0,0,0,0
2022,Ecuador,Yemen,ECU,YEM,106,11,0,0,0,0,0
2022,Estonia,Yemen,EST,YEM,6,0,0,0,0,0,0
2022,Ethiopia,Yemen,ETH,YEM,2393,84,0,0,0,0,0
2022,Finland,Yemen,FIN,YEM,331,41,0,0,0,0,0
2022,France,Yemen,FRA,YEM,1084,127,0,0,0,0,0
2022,"United Kingdom of Great Britain and Northern Ireland",Yemen,GBR,YEM,1647,938,0,0,0,0,0
2022,Georgia,Yemen,GEO,YEM,62,20,0,0,0,0,0
2022,Germany,Yemen,DEU,YEM,3757,1172,0,0,0,0,0
2022,Ghana,Yemen,GHA,YEM,16,7,0,0,0,0,0
2022,Greece,Yemen,GRC,YEM,1335,149,0,0,0,0,0
2022,"China, Hong Kong SAR",Yemen,HKG,YEM,44,0,0,0,0,0,0
2022,Croatia,Yemen,HRV,YEM,7,0,0,0,0,0,0
2022,Hungary,Yemen,HUN,YEM,17,0,0,0,0,0,0
2022,Iceland,Yemen,ISL,YEM,16,0,0,0,0,0,0
2022,"Cote d'Ivoire",Yemen,CIV,YEM,5,0,0,0,0,0,0
2022,India,Yemen,IND,YEM,15,1018,0,0,0,0,0
2022,Indonesia,Yemen,IDN,YEM,86,359,0,0,0,0,0
2022,Ireland,Yemen,IRL,YEM,34,38,0,0,0,0,0
2022,Iraq,Yemen,IRQ,YEM,0,190,0,0,0,0,0
2022,Italy,Yemen,ITA,YEM,30,44,0,0,0,0,0
2022,Jordan,Yemen,JOR,YEM,1783,10969,0,0,0,0,18
2022,Japan,Yemen,JPN,YEM,19,0,0,0,0,0,0
2022,Kenya,Yemen,KEN,YEM,96,235,0,0,0,0,0
2022,"Rep. of Korea",Yemen,KOR,YEM,829,62,0,0,0,0,0
2022,Kuwait,Yemen,KWT,YEM,9,5,0,0,0,0,0
2022,Libya,Yemen,LBY,YEM,8,72,0,0,0,0,0
2022,Lebanon,Yemen,LBN,YEM,30,106,0,0,0,0,0
2022,"Sri Lanka",Yemen,LKA,YEM,8,0,0,0,0,0,0
2022,Lithuania,Yemen,LTU,YEM,7,0,0,0,0,0,0
2022,Luxembourg,Yemen,LUX,YEM,37,5,0,0,0,0,0
2022,Madagascar,Yemen,MDG,YEM,9,10,0,0,0,0,0
2022,Mauritania,Yemen,MRT,YEM,45,29,0,0,0,0,0
2022,"Rep. of Moldova",Yemen,MDA,YEM,10,0,0,0,0,0,0
2022,Mexico,Yemen,MEX,YEM,25,69,0,0,0,0,0
2022,Malaysia,Yemen,MYS,YEM,349,2997,0,0,0,0,0
2022,Montenegro,Yemen,MNE,YEM,7,0,0,0,0,0,0
2022,Morocco,Yemen,MAR,YEM,11,882,0,0,0,0,0
2022,Malta,Yemen,MLT,YEM,5,5,0,0,0,0,0
2022,Nepal,Yemen,NPL,YEM,0,5,0,0,0,0,0
2022,"Netherlands (Kingdom of the)",Yemen,NLD,YEM,4597,2044,0,0,0,0,0
2022,Niger,Yemen,NER,YEM,0,12,0,0,0,0,0
2022,Nigeria,Yemen,NGA,YEM,5,5,0,0,0,0,0
2022,Norway,Yemen,NOR,YEM,197,25,0,0,0,0,0
2022,"New Zealand",Yemen,NZL,YEM,11,0,0,0,0,0,0
2022,Pakistan,Yemen,PAK,YEM,137,31,0,0,0,0,0
2022,Peru,Yemen,PER,YEM,0,66,0,0,0,0,0
2022,Philippines,Yemen,PHL,YEM,37,116,0,0,0,0,0
2022,Poland,Yemen,POL,YEM,26,14,0,0,0,0,0
2022,Portugal,Yemen,PRT,YEM,18,0,0,0,0,0,0
2022,Qatar,Yemen,QAT,YEM,5,0,0,0,0,0,0
2022,Romania,Yemen,ROU,YEM,79,5,0,0,0,0,0
2022,"South Africa",Yemen,ZAF,YEM,5,0,0,0,0,0,0
2022,"Russian Federation",Yemen,RUS,YEM,85,6,0,0,0,0,0
2022,Rwanda,Yemen,RWA,YEM,5,0,0,0,0,0,0
2022,"Saudi Arabia",Yemen,SAU,YEM,24,192,0,0,0,0,0
2022,Somalia,Yemen,SOM,YEM,9877,0,0,0,0,0,0
2022,Spain,Yemen,ESP,YEM,516,240,0,0,0,0,0
2022,Sudan,Yemen,SDN,YEM,1941,388,0,0,0,0,0
2022,Slovakia,Yemen,SVK,YEM,25,0,0,0,0,0,0
2022,Slovenia,Yemen,SVN,YEM,6,0,0,0,0,0,0
2022,Sweden,Yemen,SWE,YEM,1731,67,0,0,0,0,0
2022,Switzerland,Yemen,CHE,YEM,342,19,0,0,0,0,0
2022,"Syrian Arab Rep.",Yemen,SYR,YEM,214,140,0,0,0,0,0
2022,"United Rep. of Tanzania",Yemen,TZA,YEM,8,87,0,0,0,0,0
2022,Thailand,Yemen,THA,YEM,36,5,0,0,0,0,0
2022,Tunisia,Yemen,TUN,YEM,26,79,0,0,0,0,0
2022,"United Arab Emirates",Yemen,ARE,YEM,12,45,0,0,0,0,5
2022,Uganda,Yemen,UGA,YEM,34,14,0,0,0,0,0
2022,Ukraine,Yemen,UKR,YEM,5,5,0,0,0,0,0
2022,"United States of America",Yemen,USA,YEM,701,1029,0,0,0,0,0
2022,Yemen,Yemen,YEM,YEM,0,0,4523022,0,0,0,0
2023,Algeria,Yemen,DZA,YEM,152,0,0,0,0,0,0
2023,Egypt,Yemen,EGY,YEM,179,8266,0,0,0,0,0
2023,Argentina,Yemen,ARG,YEM,23,9,0,0,0,0,0
2023,Armenia,Yemen,ARM,YEM,27,0,0,0,0,0,0
2023,Australia,Yemen,AUS,YEM,174,89,0,0,0,0,0
2023,Austria,Yemen,AUT,YEM,654,144,0,0,0,0,0
2023,Azerbaijan,Yemen,AZE,YEM,11,0,0,0,0,0,0
2023,Bahrain,Yemen,BHR,YEM,9,5,0,0,0,0,0
2023,Belgium,Yemen,BEL,YEM,176,298,0,0,0,0,0
2023,Benin,Yemen,BEN,YEM,17,5,0,0,0,0,0
2023,Belarus,Yemen,BLR,YEM,22,0,0,0,0,0,0
2023,Brazil,Yemen,BRA,YEM,34,55,0,0,0,0,0
2023,Bulgaria,Yemen,BGR,YEM,46,5,0,0,0,0,0
2023,Canada,Yemen,CAN,YEM,787,495,0,0,0,0,0
2023,Chad,Yemen,TCD,YEM,5,11,0,0,0,0,0
2023,China,Yemen,CHN,YEM,33,9,0,0,0,0,0
2023,Cameroon,Yemen,CMR,YEM,5,0,0,0,0,0,0
2023,Comoros,Yemen,COM,YEM,5,0,0,0,0,0,0
2023,Cuba,Yemen,CUB,YEM,6,0,0,0,0,0,0
2023,Cyprus,Yemen,CYP,YEM,83,25,0,0,0,0,0
2023,Czechia,Yemen,CZE,YEM,19,5,0,0,0,0,0
2023,Denmark,Yemen,DNK,YEM,6,5,0,0,0,0,0
2023,Djibouti,Yemen,DJI,YEM,3420,0,0,0,0,0,0
2023,Ecuador,Yemen,ECU,YEM,105,10,0,0,0,0,0
2023,Estonia,Yemen,EST,YEM,9,0,0,0,0,0,0
2023,Ethiopia,Yemen,ETH,YEM,2434,69,0,0,0,0,0
2023,Finland,Yemen,FIN,YEM,366,154,0,0,0,0,0
2023,France,Yemen,FRA,YEM,1245,88,0,0,0,0,0
2023,Gambia,Yemen,GMB,YEM,5,0,0,0,0,0,0
2023,"United Kingdom of Great Britain and Northern Ireland",Yemen,GBR,YEM,2510,572,0,0,0,0,0
2023,Georgia,Yemen,GEO,YEM,68,19,0,0,0,0,0
2023,Germany,Yemen,DEU,YEM,4794,2077,0,0,0,0,0
2023,Ghana,Yemen,GHA,YEM,22,0,0,0,0,0,0
2023,Greece,Yemen,GRC,YEM,2300,91,0,0,0,0,0
2023,"China, Hong Kong SAR",Yemen,HKG,YEM,45,0,0,0,0,0,0
2023,Croatia,Yemen,HRV,YEM,7,0,0,0,0,0,0
2023,Hungary,Yemen,HUN,YEM,17,0,0,0,0,0,0
2023,Iceland,Yemen,ISL,YEM,26,5,0,0,0,0,0
2023,"Cote d'Ivoire",Yemen,CIV,YEM,5,0,0,0,0,0,0
2023,India,Yemen,IND,YEM,468,197,0,0,0,0,0
2023,Indonesia,Yemen,IDN,YEM,119,329,0,0,0,0,0
2023,Ireland,Yemen,IRL,YEM,53,52,0,0,0,0,0
2023,Iraq,Yemen,IRQ,YEM,0,174,0,0,0,0,0
2023,Italy,Yemen,ITA,YEM,150,27,0,0,0,0,0
2023,Jordan,Yemen,JOR,YEM,2037,10758,0,0,0,0,14
2023,Japan,Yemen,JPN,YEM,24,0,0,0,0,0,0
2023,Kenya,Yemen,KEN,YEM,100,243,0,0,0,0,0
2023,"Rep. of Korea",Yemen,KOR,YEM,837,131,0,0,0,0,0
2023,Kuwait,Yemen,KWT,YEM,6,0,0,0,0,0,0
2023,Libya,Yemen,LBY,YEM,7,73,0,0,0,0,0
2023,Lebanon,Yemen,LBN,YEM,28,98,0,0,0,0,5
2023,"Sri Lanka",Yemen,LKA,YEM,8,0,0,0,0,0,0
2023,Lithuania,Yemen,LTU,YEM,7,0,0,0,0,0,0
2023,Luxembourg,Yemen,LUX,YEM,37,15,0,0,0,0,0
2023,Latvia,Yemen,LVA,YEM,5,5,0,0,0,0,0
2023,Madagascar,Yemen,MDG,YEM,7,7,0,0,0,0,0
2023,Mauritania,Yemen,MRT,YEM,38,23,0,0,0,0,0
2023,"Rep. of Moldova",Yemen,MDA,YEM,5,0,0,0,0,0,0
2023,Mexico,Yemen,MEX,YEM,32,47,0,0,0,0,0
2023,Malaysia,Yemen,MYS,YEM,339,2889,0,0,0,0,0
2023,Montenegro,Yemen,MNE,YEM,7,0,0,0,0,0,0
2023,Morocco,Yemen,MAR,YEM,16,900,0,0,0,0,0
2023,Malta,Yemen,MLT,YEM,5,0,0,0,0,0,0
2023,Nepal,Yemen,NPL,YEM,0,5,0,0,0,0,0
2023,"Netherlands (Kingdom of the)",Yemen,NLD,YEM,7347,2064,0,0,0,0,0
2023,Niger,Yemen,NER,YEM,0,12,0,0,0,0,0
2023,Nigeria,Yemen,NGA,YEM,5,5,0,0,0,0,0
2023,Norway,Yemen,NOR,YEM,224,43,0,0,0,0,0
2023,"New Zealand",Yemen,NZL,YEM,11,0,0,0,0,0,0
2023,Pakistan,Yemen,PAK,YEM,138,36,0,0,0,0,0
2023,Peru,Yemen,PER,YEM,0,80,0,0,0,0,0
2023,Philippines,Yemen,PHL,YEM,52,127,0,0,0,0,0
2023,Poland,Yemen,POL,YEM,43,10,0,0,0,0,0
2023,Portugal,Yemen,PRT,YEM,13,0,0,0,0,0,0
2023,Qatar,Yemen,QAT,YEM,5,0,0,0,0,0,0
2023,Romania,Yemen,ROU,YEM,75,5,0,0,0,0,0
2023,"South Africa",Yemen,ZAF,YEM,5,0,0,0,0,0,0
2023,"Russian Federation",Yemen,RUS,YEM,58,0,0,0,0,0,0
2023,Rwanda,Yemen,RWA,YEM,5,0,0,0,0,0,0
2023,"Saudi Arabia",Yemen,SAU,YEM,22,243,0,0,0,0,0
2023,Somalia,Yemen,SOM,YEM,10995,0,0,0,0,0,0
2023,Spain,Yemen,ESP,YEM,560,185,0,0,0,0,0
2023,Sudan,Yemen,SDN,YEM,1234,330,0,0,0,0,0
2023,Slovakia,Yemen,SVK,YEM,25,0,0,0,0,0,0
2023,Slovenia,Yemen,SVN,YEM,6,0,0,0,0,0,0
2023,Sweden,Yemen,SWE,YEM,1593,45,0,0,0,0,0
2023,Switzerland,Yemen,CHE,YEM,354,10,0,0,0,0,0
2023,"Syrian Arab Rep.",Yemen,SYR,YEM,232,132,0,0,0,0,0
2023,"United Rep. of Tanzania",Yemen,TZA,YEM,13,83,0,0,0,0,0
2023,Thailand,Yemen,THA,YEM,27,6,0,0,0,0,0
2023,Tunisia,Yemen,TUN,YEM,23,161,0,0,0,0,0
2023,"United Arab Emirates",Yemen,ARE,YEM,12,44,0,0,0,0,5
2023,Uganda,Yemen,UGA,YEM,33,17,0,0,0,0,0
2023,Ukraine,Yemen,UKR,YEM,6,0,0,0,0,0,0
2023,"United States of America",Yemen,USA,YEM,742,1399,0,0,0,0,0
2023,Yemen,Yemen,YEM,YEM,0,0,4516341,0,0,0,0
2024,Algeria,Yemen,DZA,YEM,159,0,0,0,0,0,0
2024,Egypt,Yemen,EGY,YEM,162,7982,0,0,0,0,0
2024,Argentina,Yemen,ARG,YEM,28,0,0,0,0,0,0
2024,Armenia,Yemen,ARM,YEM,27,0,0,0,0,0,0
2024,Australia,Yemen,AUS,YEM,131,242,0,0,0,0,0
2024,Austria,Yemen,AUT,YEM,756,113,0,0,0,0,0
2024,Azerbaijan,Yemen,AZE,YEM,12,0,0,0,0,0,0
2024,Bahrain,Yemen,BHR,YEM,9,5,0,0,0,0,0
2024,Belgium,Yemen,BEL,YEM,189,426,0,0,0,0,0
2024,Benin,Yemen,BEN,YEM,17,5,0,0,0,0,0
2024,Belarus,Yemen,BLR,YEM,20,9,0,0,0,0,0
2024,Brazil,Yemen,BRA,YEM,42,32,0,0,0,0,0
2024,Bulgaria,Yemen,BGR,YEM,45,0,0,0,0,0,0
2024,Canada,Yemen,CAN,YEM,987,502,0,0,0,0,0
2024,"Central African Rep.",Yemen,CAF,YEM,5,0,0,0,0,0,0
2024,Chad,Yemen,TCD,YEM,5,0,0,0,0,0,0
2024,China,Yemen,CHN,YEM,27,7,0,0,0,0,0
2024,Cameroon,Yemen,CMR,YEM,5,0,0,0,0,0,0
2024,Comoros,Yemen,COM,YEM,5,0,0,0,0,0,0
2024,Cuba,Yemen,CUB,YEM,5,0,0,0,0,0,0
2024,Cyprus,Yemen,CYP,YEM,115,35,0,0,0,0,0
2024,Czechia,Yemen,CZE,YEM,21,6,0,0,0,0,0
2024,Denmark,Yemen,DNK,YEM,16,0,0,0,0,0,0
2024,Djibouti,Yemen,DJI,YEM,3553,0,0,0,0,0,0
2024,Ecuador,Yemen,ECU,YEM,130,10,0,0,0,0,0
2024,Estonia,Yemen,EST,YEM,6,0,0,0,0,0,0
2024,Ethiopia,Yemen,ETH,YEM,2488,107,0,0,0,0,0
2024,Finland,Yemen,FIN,YEM,399,135,0,0,0,0,0
2024,France,Yemen,FRA,YEM,1352,105,0,0,0,0,0
2024,Gambia,Yemen,GMB,YEM,5,0,0,0,0,0,0
2024,"United Kingdom of Great Britain and Northern Ireland",Yemen,GBR,YEM,3218,1483,0,0,0,0,0
2024,Georgia,Yemen,GEO,YEM,65,15,0,0,0,0,0
2024,Germany,Yemen,DEU,YEM,5043,2194,0,0,0,0,0
2024,Ghana,Yemen,GHA,YEM,20,0,0,0,0,0,0
2024,Greece,Yemen,GRC,YEM,2623,57,0,0,0,0,0
2024,"China, Hong Kong SAR",Yemen,HKG,YEM,15,0,0,0,0,0,0
2024,Croatia,Yemen,HRV,YEM,7,0,0,0,0,0,0
2024,Hungary,Yemen,HUN,YEM,17,0,0,0,0,0,0
2024,Iceland,Yemen,ISL,YEM,29,0,0,0,0,0,0
2024,"Cote d'Ivoire",Yemen,CIV,YEM,5,0,0,0,0,0,0
2024,India,Yemen,IND,YEM,559,400,0,0,0,0,0
2024,Indonesia,Yemen,IDN,YEM,135,368,0,0,0,0,0
2024,Ireland,Yemen,IRL,YEM,72,19,0,0,0,0,0
2024,Iraq,Yemen,IRQ,YEM,0,209,0,0,0,0,0
2024,Italy,Yemen,ITA,YEM,139,26,0,0,0,0,0
2024,Jordan,Yemen,JOR,YEM,2415,8998,0,0,0,0,11
2024,Japan,Yemen,JPN,YEM,42,0,0,0,0,0,0
2024,Kenya,Yemen,KEN,YEM,116,241,0,0,0,0,0
2024,Kyrgyzstan,Yemen,KGZ,YEM,0,5,0,0,0,0,0
2024,"Rep. of Korea",Yemen,KOR,YEM,848,136,0,0,0,0,0
2024,Kuwait,Yemen,KWT,YEM,7,0,0,0,0,0,0
2024,Libya,Yemen,LBY,YEM,5,83,0,0,0,0,0
2024,Lebanon,Yemen,LBN,YEM,25,72,0,0,0,0,5
2024,Lithuania,Yemen,LTU,YEM,7,0,0,0,0,0,0
2024,Luxembourg,Yemen,LUX,YEM,30,15,0,0,0,0,0
2024,Latvia,Yemen,LVA,YEM,6,0,0,0,0,0,0
2024,Madagascar,Yemen,MDG,YEM,7,16,0,0,0,0,0
2024,Mauritania,Yemen,MRT,YEM,28,19,0,0,0,0,0
2024,"Rep. of Moldova",Yemen,MDA,YEM,6,0,0,0,0,0,0
2024,Mexico,Yemen,MEX,YEM,33,46,0,0,0,0,0
2024,Malaysia,Yemen,MYS,YEM,359,2786,0,0,0,0,0
2024,Montenegro,Yemen,MNE,YEM,7,0,0,0,0,0,0
2024,Morocco,Yemen,MAR,YEM,7,534,0,0,0,0,0
2024,Malta,Yemen,MLT,YEM,5,0,0,0,0,0,0
2024,Nepal,Yemen,NPL,YEM,0,5,0,0,0,0,0
2024,"Netherlands (Kingdom of the)",Yemen,NLD,YEM,7841,2206,0,0,0,0,0
2024,Niger,Yemen,NER,YEM,5,11,0,0,0,0,0
2024,Nigeria,Yemen,NGA,YEM,5,5,0,0,0,0,0
2024,Norway,Yemen,NOR,YEM,177,40,0,0,0,0,0
2024,"New Zealand",Yemen,NZL,YEM,13,0,0,0,0,0,0
2024,Pakistan,Yemen,PAK,YEM,138,44,0,0,0,0,0
2024,Peru,Yemen,PER,YEM,0,80,0,0,0,0,0
2024,Philippines,Yemen,PHL,YEM,44,154,0,0,0,0,0
2024,Poland,Yemen,POL,YEM,47,41,0,0,0,0,0
2024,Portugal,Yemen,PRT,YEM,13,0,0,0,0,0,0
2024,Qatar,Yemen,QAT,YEM,5,0,0,0,0,0,0
2024,Romania,Yemen,ROU,YEM,80,5,0,0,0,0,0
2024,"South Africa",Yemen,ZAF,YEM,5,5,0,0,0,0,0
2024,"Russian Federation",Yemen,RUS,YEM,55,8,0,0,0,0,0
2024,"Saudi Arabia",Yemen,SAU,YEM,24,245,0,0,0,0,0
2024,Senegal,Yemen,SEN,YEM,0,5,0,0,0,0,0
2024,Somalia,Yemen,SOM,YEM,12332,0,0,0,0,0,0
2024,Spain,Yemen,ESP,YEM,617,160,0,0,0,0,0
2024,"South Sudan",Yemen,SSD,YEM,5,0,0,0,0,0,0
2024,Sudan,Yemen,SDN,YEM,877,173,0,0,0,0,0
2024,Slovakia,Yemen,SVK,YEM,25,0,0,0,0,0,0
2024,Slovenia,Yemen,SVN,YEM,6,0,0,0,0,0,0
2024,Sweden,Yemen,SWE,YEM,985,48,0,0,0,0,0
2024,Switzerland,Yemen,CHE,YEM,344,19,0,0,0,0,0
2024,"Syrian Arab Rep.",Yemen,SYR,YEM,257,135,0,0,0,0,0
2024,"United Rep. of Tanzania",Yemen,TZA,YEM,13,84,0,0,0,0,0
2024,Thailand,Yemen,THA,YEM,28,11,0,0,0,0,0
2024,Tunisia,Yemen,TUN,YEM,16,107,0,0,0,0,0
2024,"United Arab Emirates",Yemen,ARE,YEM,12,32,0,0,0,0,5
2024,Uganda,Yemen,UGA,YEM,40,12,0,0,0,0,0
2024,Ukraine,Yemen,UKR,YEM,7,0,0,0,0,0,0
2024,"United States of America",Yemen,USA,YEM,747,1732,0,0,0,0,0
2024,Yemen,Yemen,YEM,YEM,0,0,4795983,0,0,0,0
2025,Algeria,Yemen,DZA,YEM,102,5,0,0,0,0,0
2025,Egypt,Yemen,EGY,YEM,158,8940,0,0,0,0,0
2025,Argentina,Yemen,ARG,YEM,28,0,0,0,0,0,0
2025,Armenia,Yemen,ARM,YEM,29,0,0,0,0,0,0
2025,Australia,Yemen,AUS,YEM,205,129,0,0,0,0,0
2025,Austria,Yemen,AUT,YEM,796,77,0,0,0,0,0
2025,Azerbaijan,Yemen,AZE,YEM,12,0,0,0,0,0,0
2025,Bahrain,Yemen,BHR,YEM,9,5,0,0,0,0,0
2025,Belgium,Yemen,BEL,YEM,236,387,0,0,0,0,0
2025,Benin,Yemen,BEN,YEM,17,5,0,0,0,0,0
2025,Belarus,Yemen,BLR,YEM,22,5,0,0,0,0,0
2025,Brazil,Yemen,BRA,YEM,44,26,0,0,0,0,0
2025,Bulgaria,Yemen,BGR,YEM,42,0,0,0,0,0,0
2025,Canada,Yemen,CAN,YEM,998,520,0,0,0,0,0
2025,"Central African Rep.",Yemen,CAF,YEM,6,0,0,0,0,0,0
2025,Chad,Yemen,TCD,YEM,8,5,0,0,0,0,0
2025,China,Yemen,CHN,YEM,27,6,0,0,0,0,0
2025,Cameroon,Yemen,CMR,YEM,5,0,0,0,0,0,0
2025,Comoros,Yemen,COM,YEM,5,0,0,0,0,0,0
2025,"Costa Rica",Yemen,CRI,YEM,0,5,0,0,0,0,0
2025,Cuba,Yemen,CUB,YEM,5,0,0,0,0,0,0
2025,Cyprus,Yemen,CYP,YEM,115,63,0,0,0,0,0
2025,Czechia,Yemen,CZE,YEM,23,0,0,0,0,0,0
2025,Denmark,Yemen,DNK,YEM,10,0,0,0,0,0,0
2025,Djibouti,Yemen,DJI,YEM,3780,0,0,0,0,0,0
2025,Ecuador,Yemen,ECU,YEM,129,11,0,0,0,0,0
2025,Estonia,Yemen,EST,YEM,6,0,0,0,0,0,0
2025,Ethiopia,Yemen,ETH,YEM,2495,120,0,0,0,0,0
2025,Finland,Yemen,FIN,YEM,487,38,0,0,0,0,0
2025,France,Yemen,FRA,YEM,1400,138,0,0,0,0,0
2025,Gambia,Yemen,GMB,YEM,5,0,0,0,0,0,0
2025,"United Kingdom of Great Britain and Northern Ireland",Yemen,GBR,YEM,4380,1314,0,0,0,0,0
2025,Georgia,Yemen,GEO,YEM,61,16,0,0,0,0,0
2025,Germany,Yemen,DEU,YEM,5110,1580,0,0,0,0,0
2025,Ghana,Yemen,GHA,YEM,20,0,0,0,0,0,0
2025,Greece,Yemen,GRC,YEM,2623,120,0,0,0,0,0
2025,"China, Hong Kong SAR",Yemen,HKG,YEM,15,0,0,0,0,0,0
2025,Croatia,Yemen,HRV,YEM,7,0,0,0,0,0,9
2025,Hungary,Yemen,HUN,YEM,17,0,0,0,0,0,0
2025,Iceland,Yemen,ISL,YEM,27,0,0,0,0,0,0
2025,"Cote d'Ivoire",Yemen,CIV,YEM,5,0,0,0,0,0,0
2025,India,Yemen,IND,YEM,562,458,0,0,0,0,0
2025,Indonesia,Yemen,IDN,YEM,137,387,0,0,0,0,0
2025,Ireland,Yemen,IRL,YEM,73,31,0,0,0,0,0
2025,Iraq,Yemen,IRQ,YEM,0,197,0,0,0,0,0
2025,Italy,Yemen,ITA,YEM,135,34,0,0,0,0,0
2025,Jordan,Yemen,JOR,YEM,2815,7156,0,0,0,0,8
2025,Japan,Yemen,JPN,YEM,42,0,0,0,0,0,0
2025,Kenya,Yemen,KEN,YEM,124,236,0,0,0,0,0
2025,Kyrgyzstan,Yemen,KGZ,YEM,0,5,0,0,0,0,0
2025,"Rep. of Korea",Yemen,KOR,YEM,853,112,0,0,0,0,0
2025,Kuwait,Yemen,KWT,YEM,5,0,0,0,0,0,0
2025,Libya,Yemen,LBY,YEM,7,80,0,0,0,0,0
2025,Lebanon,Yemen,LBN,YEM,23,69,0,0,0,0,5
2025,Lithuania,Yemen,LTU,YEM,7,0,0,0,0,0,0
2025,Luxembourg,Yemen,LUX,YEM,30,10,0,0,0,0,0
2025,Latvia,Yemen,LVA,YEM,5,8,0,0,0,0,0
2025,Madagascar,Yemen,MDG,YEM,7,20,0,0,0,0,0
2025,Mauritania,Yemen,MRT,YEM,17,25,0,0,0,0,0
2025,"Rep. of Moldova",Yemen,MDA,YEM,6,0,0,0,0,0,0
2025,Mexico,Yemen,MEX,YEM,34,31,0,0,0,0,0
2025,Malaysia,Yemen,MYS,YEM,387,2689,0,0,0,0,0
2025,Montenegro,Yemen,MNE,YEM,7,0,0,0,0,0,0
2025,Morocco,Yemen,MAR,YEM,6,507,0,0,0,0,0
2025,Malta,Yemen,MLT,YEM,5,0,0,0,0,0,0
2025,Nepal,Yemen,NPL,YEM,0,5,0,0,0,0,0
2025,"Netherlands (Kingdom of the)",Yemen,NLD,YEM,7910,1844,0,0,0,0,0
2025,Niger,Yemen,NER,YEM,9,0,0,0,0,0,0
2025,Nigeria,Yemen,NGA,YEM,5,5,0,0,0,0,0
2025,Norway,Yemen,NOR,YEM,182,40,0,0,0,0,0
2025,"New Zealand",Yemen,NZL,YEM,12,0,0,0,0,0,0
2025,Pakistan,Yemen,PAK,YEM,138,49,0,0,0,0,0
2025,Peru,Yemen,PER,YEM,0,80,0,0,0,0,0
2025,Philippines,Yemen,PHL,YEM,44,169,0,0,0,0,0
2025,Poland,Yemen,POL,YEM,55,50,0,0,0,0,0
2025,Portugal,Yemen,PRT,YEM,13,0,0,0,0,0,0
2025,Qatar,Yemen,QAT,YEM,5,0,0,0,0,0,0
2025,Romania,Yemen,ROU,YEM,86,0,0,0,0,0,0
2025,"South Africa",Yemen,ZAF,YEM,5,10,0,0,0,0,0
2025,"Russian Federation",Yemen,RUS,YEM,61,22,0,0,0,0,0
2025,"Saudi Arabia",Yemen,SAU,YEM,23,244,0,0,0,0,0
2025,Senegal,Yemen,SEN,YEM,0,5,0,0,0,0,0
2025,Somalia,Yemen,SOM,YEM,12713,0,0,0,0,0,0
2025,Spain,Yemen,ESP,YEM,664,130,0,0,0,0,0
2025,"South Sudan",Yemen,SSD,YEM,5,5,0,0,0,0,0
2025,Sudan,Yemen,SDN,YEM,877,159,0,0,0,0,0
2025,Slovakia,Yemen,SVK,YEM,25,0,0,0,0,0,0
2025,Slovenia,Yemen,SVN,YEM,6,0,0,0,0,0,0
2025,Sweden,Yemen,SWE,YEM,942,32,0,0,0,0,0
2025,Switzerland,Yemen,CHE,YEM,344,17,0,0,0,0,0
2025,"Syrian Arab Rep.",Yemen,SYR,YEM,253,137,0,0,0,0,0
2025,"United Rep. of Tanzania",Yemen,TZA,YEM,13,99,0,0,0,0,0
2025,Thailand,Yemen,THA,YEM,28,12,0,0,0,0,0
2025,Tunisia,Yemen,TUN,YEM,15,87,0,0,0,0,0
2025,"United Arab Emirates",Yemen,ARE,YEM,12,34,0,0,0,0,5
2025,Uganda,Yemen,UGA,YEM,41,16,0,0,0,0,0
2025,Ukraine,Yemen,UKR,YEM,7,0,0,0,0,0,0
2025,"United States of America",Yemen,USA,YEM,747,1732,0,0,0,0,0
2025,Yemen,Yemen,YEM,YEM,0,0,4795983,0,0,0,0
